Unnamed: 0_level_0,Unnamed: 1_level_0,Unnamed: 2_level_0,Unnamed: 3_level_0,Unnamed: 4_level_0,Unnamed: 5_level_0,Unnamed: 6_level_0,Unnamed: 7_level_0,Performance,Performance,Performance,Performance,Performance,Performance,Performance,Performance,Performance,Performance,Performance,Performance,Performance,Aerial Duels,Aerial Duels,Aerial Duels,Unnamed: 24_level_0
Rk,Player,Nation,Pos,Squad,Age,Born,90s,CrdY,CrdR,2CrdY,Fls,Fld,Off,Crs,Int,TklW,PKwon,PKcon,OG,Recov,Won,Lost,Won%,Matches
1,Luis Abram,pe PER,DF,Atlanta Utd,26,1996,16.2,1,0,0,6,5,1,1,16,9,0,1,0,71,19,14,57.6,Matches
2,Lalas Abubakar,gh GHA,DF,Colorado Rapids,28,1994,21.3,9,1,1,32,7,2,2,34,11,0,0,0,88,34,33,50.7,Matches
3,Daniel Aceves,mx MEX,DF,Chicago Fire,21,2001,9.5,1,0,0,10,7,0,33,15,20,0,0,0,51,10,11,47.6,Matches
4,Bryan Acosta,hn HON,MF,Colorado Rapids,29,1993,12.4,6,0,0,25,5,3,49,7,15,0,0,0,66,15,11,57.7,Matches
5,Bryan Acosta,hn HON,MF,Portland Timbers,29,1993,5.1,1,0,0,14,3,0,6,8,12,0,0,0,34,8,4,66.7,Matches
6,Kellyn Acosta,us USA,MF,Los Angeles FC,27,1995,16.6,5,0,0,25,13,0,58,18,20,0,0,0,100,10,16,38.5,Matches
7,Luciano Acosta,ar ARG,MF,FC Cincinnati,28,1994,28.9,7,0,0,48,61,5,121,18,19,1,0,0,136,3,13,18.8,Matches
8,Sam Adekugbe,ca CAN,"FW,DF",Vancouver,28,1995,4.5,2,0,0,8,2,0,16,7,3,0,0,0,23,4,10,28.6,Matches
9,Samuel Adeniran,us USA,FW,St. Louis,24,1998,10.5,3,1,1,12,2,7,15,3,4,0,1,0,17,39,27,59.1,Matches
10,Harrison Afful,gh GHA,DF,Charlotte,36,1986,10.6,3,0,0,13,4,0,7,22,7,0,0,0,92,11,5,68.8,Matches
11,Stephen Afrifa,ca CAN,FW,Sporting KC,21,2001,0.6,0,0,0,1,0,0,0,1,0,0,0,0,3,0,1,0.0,Matches
12,William Agada,ng NGA,FW,Sporting KC,23,1999,7.6,1,0,0,12,6,6,0,2,2,1,0,0,18,8,25,24.2,Matches
13,Giovanni Aguilar,us USA,MF,Vancouver,24,1998,0.1,0,0,0,1,0,0,0,0,1,0,0,0,1,0,0,,Matches
14,Daniel Aguirre,us USA,"MF,FW",LA Galaxy,23,1999,6.4,3,0,0,6,15,0,17,6,2,1,1,0,31,5,10,33.3,Matches
15,Patrick Agyemang,us USA,FW,Charlotte,22,2000,2.1,3,0,0,13,4,1,0,0,0,0,0,0,6,9,7,56.3,Matches
16,Ali Ahmed,ca CAN,"MF,DF",Vancouver,22,2000,12.5,2,0,0,17,40,0,23,18,27,0,0,0,98,6,10,37.5,Matches
17,Carlos Akapo,gq EQG,DF,San Jose,29,1993,23.8,3,0,0,30,35,2,48,42,37,0,0,0,155,49,48,50.5,Matches
18,Matai Akinmboni,us USA,DF,D.C. United,16,2006,2.0,0,0,0,1,1,0,1,1,1,0,1,0,8,3,1,75.0,Matches
19,Ayo Akinola,ca CAN,FW,Toronto FC,23,2000,6.2,0,0,0,9,3,8,5,0,1,0,0,0,13,5,11,31.3,Matches
20,Ayo Akinola,ca CAN,"FW,MF",San Jose,23,2000,0.6,0,0,0,2,1,0,0,0,1,0,0,0,2,0,4,0.0,Matches
21,Joey Akpunonu,us USA,DF,FC Cincinnati,21,2001,0.1,0,0,0,0,1,0,0,0,0,0,0,0,0,0,0,,Matches
22,Jordi Alba,es ESP,DF,Inter Miami,33,1989,4.9,1,0,0,1,4,0,14,1,5,0,0,0,24,0,2,0.0,Matches
23,Tony Alfaro,us USA,DF,NYCFC,29,1993,4.2,2,0,0,5,0,0,3,4,1,0,1,0,16,3,5,37.5,Matches
24,Tony Alfaro,us USA,DF,LA Galaxy,29,1993,4.2,1,0,0,7,1,0,0,5,3,0,0,0,20,4,4,50.0,Matches
25,Noah Allen,us USA,DF,Inter Miami,18,2004,13.9,3,0,0,14,3,3,27,14,16,0,0,0,76,7,5,58.3,Matches
Rk,Player,Nation,Pos,Squad,Age,Born,90s,CrdY,CrdR,2CrdY,Fls,Fld,Off,Crs,Int,TklW,PKwon,PKcon,OG,Recov,Won,Lost,Won%,Matches
26,Rasmus Alm,se SWE,"MF,FW",St. Louis,27,1995,12.2,4,0,0,30,11,3,33,5,12,0,0,0,53,15,21,41.7,Matches
27,Thiago Almada,ar ARG,MF,Atlanta Utd,21,2001,30.3,6,1,1,23,56,0,122,9,14,0,0,0,157,2,10,16.7,Matches
28,Osvaldo Alonso,cu CUB,MF,Atlanta Utd,37,1985,1.1,1,0,0,2,4,0,0,0,2,0,0,0,8,1,0,100.0,Matches
29,Jozy Altidore,us USA,FW,New England,33,1989,2.3,1,0,0,2,6,0,0,0,0,0,0,0,8,2,1,66.7,Matches
30,Efrain Alvarez,mx MEX,"MF,FW",LA Galaxy,20,2002,4.2,0,0,0,5,2,0,26,3,0,0,0,0,19,0,3,0.0,Matches
31,Fernando Álvarez,co COL,DF,CF Montréal,19,2003,2.8,0,0,0,2,1,0,0,7,2,0,0,0,12,5,5,50.0,Matches
32,Luis Amarilla,py PAR,FW,Minnesota Utd,27,1995,8.2,2,0,0,5,16,9,1,0,3,1,0,0,33,23,26,46.9,Matches
33,Frankie Amaya,us USA,MF,NY Red Bulls,22,2000,21.3,4,0,0,32,17,0,49,27,23,0,0,0,177,14,19,42.4,Matches
34,Malte Amundsen,dk DEN,DF,Columbus Crew,24,1998,21.0,7,0,0,27,5,0,14,45,25,0,0,0,147,16,23,41.0,Matches
35,Sebastian Anderson,us USA,DF,Colorado Rapids,20,2002,3.0,0,0,0,7,5,0,7,1,2,0,0,0,10,1,3,25.0,Matches
36,José Andrés Martínez,ve VEN,MF,Philadelphia,28,1994,20.3,11,0,0,33,38,0,18,33,30,0,0,0,191,19,14,57.6,Matches
37,Iván Angulo,co COL,"FW,DF",Orlando City,23,1999,27.6,5,0,0,20,30,11,48,17,17,0,0,0,126,1,17,5.6,Matches
38,Marco Angulo,ec ECU,MF,FC Cincinnati,20,2002,8.7,2,0,0,10,3,1,0,14,15,0,0,0,78,5,13,27.8,Matches
39,Eugene Ansah,gh GHA,FW,FC Dallas,28,1994,2.0,0,0,0,8,3,3,5,1,2,0,0,0,8,6,10,37.5,Matches
40,Themi Antonoglou,ca CAN,"DF,MF",Toronto FC,21,2001,5.3,2,0,0,10,2,0,8,5,5,0,0,0,34,1,3,25.0,Matches
41,Antony,br BRA,"FW,MF",Portland Timbers,21,2001,2.8,1,0,0,4,4,1,11,3,3,0,0,0,8,6,2,75.0,Matches
42,Brian Anunga,cm CMR,MF,Nashville,26,1996,6.3,2,0,0,14,2,0,1,11,10,0,0,0,50,5,5,50.0,Matches
43,Cristian Arango,co COL,FW,Real Salt Lake,27,1995,8.4,2,0,0,20,15,5,9,2,8,0,0,0,13,19,12,61.3,Matches
44,César Araujo,uy URU,MF,Orlando City,21,2001,30.3,8,0,0,47,100,1,11,23,31,0,0,0,223,17,29,37.0,Matches
45,Luiz Araújo,br BRA,FW,Atlanta Utd,26,1996,14.1,3,1,1,13,35,2,26,8,12,0,0,0,59,5,4,55.6,Matches
46,Miguel Araujo,pe PER,DF,Portland Timbers,28,1994,1.9,1,0,0,1,0,0,0,2,2,0,0,0,9,3,4,42.9,Matches
47,Scott Arfield,ca CAN,"MF,FW",Charlotte,34,1988,4.6,1,0,0,6,1,0,3,3,2,0,0,0,26,4,8,33.3,Matches
48,Maximilian Arfsten,us USA,"DF,MF",Columbus Crew,21,2001,3.1,1,0,0,3,3,2,9,7,3,0,0,0,13,1,5,16.7,Matches
49,Santiago Arias,co COL,DF,FC Cincinnati,31,1992,18.4,3,0,0,19,25,2,36,29,26,1,0,0,100,21,13,61.8,Matches
50,Xavier Arreaga,ec ECU,"DF,MF",Seattle,28,1994,3.9,0,0,0,6,4,0,0,1,6,0,0,0,17,10,8,55.6,Matches
Rk,Player,Nation,Pos,Squad,Age,Born,90s,CrdY,CrdR,2CrdY,Fls,Fld,Off,Crs,Int,TklW,PKwon,PKcon,OG,Recov,Won,Lost,Won%,Matches
51,Kervin Arriaga,hn HON,MF,Minnesota Utd,25,1998,13.0,5,0,0,13,17,4,6,14,10,0,0,0,98,48,17,73.8,Matches
52,Paul Arriola,us USA,"FW,MF",FC Dallas,27,1995,18.4,4,0,0,21,19,3,33,10,16,0,0,1,66,12,18,40.0,Matches
53,Dixon Arroyo,ec ECU,MF,Inter Miami,30,1992,19.9,4,0,0,29,11,0,3,27,32,0,0,0,135,16,23,41.0,Matches
54,Artur,br BRA,MF,Dynamo FC,26,1996,30.3,6,0,0,35,20,0,13,44,44,0,1,0,233,8,17,32.0,Matches
55,Yamil Asad,ar ARG,"MF,FW",D.C. United,28,1994,5.8,3,0,0,12,14,0,10,4,4,0,0,0,35,4,9,30.8,Matches
56,Dairon Asprilla,co COL,"FW,MF",Portland Timbers,30,1992,16.1,5,0,0,32,23,11,42,10,14,0,0,0,70,50,56,47.2,Matches
57,Joshua Atencio,us USA,MF,Seattle,21,2002,10.9,3,0,0,7,2,1,9,16,28,0,0,0,85,24,20,54.5,Matches
58,Julián Aude,ar ARG,DF,LA Galaxy,19,2003,13.3,6,0,0,15,19,0,23,19,18,0,0,0,77,11,10,52.4,Matches
59,Tomás Avilés,ar ARG,DF,Inter Miami,18,2004,9.7,6,0,0,22,2,0,2,19,15,0,0,0,65,3,6,33.3,Matches
60,David Ayala,ar ARG,MF,Portland Timbers,20,2002,1.8,1,0,0,1,5,0,1,4,5,0,0,0,20,1,2,33.3,Matches
61,Edison Azcona,do DOM,"MF,DF",Inter Miami,19,2003,0.6,0,0,0,1,4,0,2,0,1,0,0,0,5,0,1,0.0,Matches
62,Dominique Badji,sn SEN,FW,FC Cincinnati,30,1992,10.2,0,0,0,18,13,8,3,1,7,2,0,1,27,25,16,61.0,Matches
63,Corey Baird,us USA,FW,Dynamo FC,27,1996,25.9,4,0,0,24,24,15,15,8,17,1,0,0,104,11,33,25.0,Matches
64,Esmir Bajraktarevic,us USA,"FW,MF",New England,17,2005,5.5,0,0,0,10,14,1,12,1,6,0,0,0,22,4,6,40.0,Matches
65,Cody Baker,us USA,DF,Seattle,19,2004,7.6,3,0,0,6,8,0,13,4,13,0,0,0,45,11,10,52.4,Matches
66,Reed Baker-Whiting,us USA,"DF,FW",Seattle,17,2005,7.1,0,0,0,4,6,2,28,6,14,0,0,0,41,8,9,47.1,Matches
67,Monsef Bakrar,dz ALG,FW,NYCFC,22,2001,8.4,0,0,0,9,4,7,3,2,0,0,0,0,16,17,20,45.9,Matches
68,Michael Baldisimo,ca CAN,MF,San Jose,22,2000,3.3,1,0,0,10,2,0,3,5,6,0,1,0,19,2,3,40.0,Matches
69,Thai Baribo,il ISR,"FW,MF",Philadelphia,25,1998,1.7,2,0,0,2,1,1,0,0,0,0,0,0,3,5,6,45.5,Matches
70,Tom Barlow,us USA,FW,NY Red Bulls,27,1995,20.5,4,0,0,48,11,9,5,5,6,0,0,0,67,73,95,43.5,Matches
71,Luis Barraza,us USA,GK,NYCFC,26,1996,24.0,3,0,0,1,0,0,0,1,0,0,0,0,31,4,1,80.0,Matches
72,Álvaro Barreal,ar ARG,DF,FC Cincinnati,22,2000,31.3,6,0,0,33,36,3,219,36,34,1,1,0,190,10,18,35.7,Matches
73,Michael Barrios,co COL,"FW,MF",Colorado Rapids,31,1991,9.3,3,0,0,10,10,1,21,5,3,1,0,0,28,6,22,21.4,Matches
74,Michael Barrios,co COL,"FW,MF",LA Galaxy,31,1991,1.3,0,0,0,3,2,0,3,0,3,0,0,0,6,1,0,100.0,Matches
75,Lucas Bartlett,us USA,DF,St. Louis,25,1997,11.9,4,0,0,25,6,0,1,25,11,0,0,0,81,31,23,57.4,Matches
Rk,Player,Nation,Pos,Squad,Age,Born,90s,CrdY,CrdR,2CrdY,Fls,Fld,Off,Crs,Int,TklW,PKwon,PKcon,OG,Recov,Won,Lost,Won%,Matches
76,Ethan Bartlow,us USA,DF,Dynamo FC,22,2000,22.1,4,0,0,13,11,0,6,13,10,0,1,0,93,37,31,54.4,Matches
77,Cole Bassett,us USA,"MF,FW",Colorado Rapids,21,2001,21.1,5,0,0,36,13,0,32,8,23,0,0,0,91,15,22,40.5,Matches
78,Amine Bassi,fr FRA,"MF,FW",Dynamo FC,25,1997,22.2,1,1,0,26,40,7,41,11,7,0,0,0,106,1,10,9.1,Matches
79,Jesús Batiz,us USA,"MF,FW",Toronto FC,23,1999,0.7,0,0,0,0,2,0,0,0,1,0,0,0,2,0,0,,Matches
80,Josh Bauer,us USA,DF,Nashville,24,1998,5.8,2,0,0,4,7,0,1,11,6,0,0,0,26,13,11,54.2,Matches
81,Tanner Beason,us USA,DF,San Jose,25,1997,15.6,1,1,0,2,8,1,1,24,10,0,1,0,81,35,9,79.5,Matches
82,Gavin Beavers,us USA,GK,Real Salt Lake,17,2005,6.5,1,0,0,0,0,0,0,0,0,0,0,0,14,1,0,100.0,Matches
83,Simon Becher,us USA,"FW,MF",Vancouver,23,1999,6.8,0,0,0,10,11,4,2,0,3,0,0,0,16,15,29,34.1,Matches
84,Alejandro Bedoya,us USA,MF,Philadelphia,35,1987,22.3,6,0,0,33,5,13,35,23,22,0,0,0,109,57,80,41.6,Matches
85,Steven Beitashour,ir IRN,DF,Colorado Rapids,35,1987,6.7,0,0,0,7,8,0,2,2,4,0,0,0,28,8,5,61.5,Matches
86,Jon Bell,jm JAM,DF,St. Louis,25,1997,1.6,2,0,0,4,2,0,0,2,1,0,0,0,14,1,4,20.0,Matches
87,Zaydan Bello,au AUS,MF,Minnesota Utd,20,2002,0.2,1,0,0,1,0,0,1,0,1,0,0,0,1,0,1,0.0,Matches
88,Nico Benalcázar,us USA,MF,NYCFC,21,2001,0.1,0,0,0,0,0,0,0,1,0,0,0,0,1,0,0,,Matches
89,Ben Bender,us USA,"MF,FW",Charlotte,21,2001,10.1,1,0,0,16,10,1,32,5,8,0,0,0,57,13,20,39.4,Matches
90,Joe Bendik,us USA,GK,Philadelphia,33,1989,7.6,0,0,0,0,0,0,0,0,0,0,0,0,6,1,0,100.0,Matches
91,Christian Benteke,be BEL,FW,D.C. United,32,1990,31.0,8,0,0,67,43,37,2,4,6,1,0,0,50,241,123,66.2,Matches
92,Sebastian Berhalter,us USA,MF,Vancouver,21,2001,14.4,6,0,0,31,8,0,48,19,24,0,0,0,97,14,16,46.7,Matches
93,Federico Bernardeschi,it ITA,"FW,MF",Toronto FC,28,1994,28.9,7,1,1,33,46,12,110,12,11,0,0,0,119,4,3,57.1,Matches
94,Miguel Berry,es ESP,FW,Atlanta Utd,25,1997,11.5,1,0,0,13,12,0,3,2,5,0,0,0,16,18,26,40.9,Matches
95,Aaron Bibout,cm CMR,FW,LA Galaxy,18,2004,0.3,0,0,0,2,0,0,0,0,0,0,0,0,1,1,0,100.0,Matches
96,David Bingham,us USA,GK,Portland Timbers,33,1989,19.0,2,0,0,0,2,0,0,3,0,0,0,0,27,3,0,100.0,Matches
97,Steve Birnbaum,us USA,DF,D.C. United,32,1991,17.9,2,1,0,19,12,2,0,23,9,0,0,0,70,87,23,79.1,Matches
98,Stipe Biuk,hr CRO,FW,Los Angeles FC,20,2002,14.9,2,0,0,16,15,8,15,8,8,0,0,0,67,14,15,48.3,Matches
99,Tristan Blackmon,us USA,DF,Vancouver,26,1996,28.0,5,0,0,17,16,3,0,34,10,0,0,1,123,54,33,62.1,Matches
100,Andre Blake,jm JAM,GK,Philadelphia,32,1990,26.4,1,0,0,1,3,0,0,0,0,0,1,0,28,7,0,100.0,Matches
Rk,Player,Nation,Pos,Squad,Age,Born,90s,CrdY,CrdR,2CrdY,Fls,Fld,Off,Crs,Int,TklW,PKwon,PKcon,OG,Recov,Won,Lost,Won%,Matches
101,Sebastián Blanco,ar ARG,"FW,MF",Portland Timbers,34,1988,4.9,2,0,0,9,6,1,36,2,0,0,0,0,13,1,3,25.0,Matches
102,Latif Blessing,gh GHA,"FW,MF",Toronto FC,26,1996,1.7,0,0,0,1,3,3,0,0,1,0,0,0,12,1,6,14.3,Matches
103,Latif Blessing,gh GHA,MF,New England,26,1996,11.5,4,1,0,27,18,2,2,14,20,0,0,0,92,13,9,59.1,Matches
104,Njabulo Blom,za RSA,MF,St. Louis,23,1999,21.3,6,0,0,21,22,0,6,49,19,0,0,0,185,8,16,33.3,Matches
105,Emmanuel Boateng,gh GHA,"FW,MF",New England,29,1994,16.0,1,0,0,8,7,3,76,10,7,0,0,0,77,3,18,14.3,Matches
106,Israel Boatwright,do DOM,"MF,DF",Inter Miami,17,2005,0.8,0,0,0,3,2,0,3,0,0,0,0,0,6,0,1,0.0,Matches
107,Mateusz Bogusz,pl POL,"MF,FW",Los Angeles FC,21,2001,19.3,6,0,0,40,44,5,75,6,24,0,0,0,107,8,15,34.8,Matches
108,Franck Boli,ci CIV,FW,Portland Timbers,29,1993,16.2,5,0,0,15,14,2,5,0,5,0,0,0,47,13,30,30.2,Matches
109,Joshua Bolma,gh GHA,MF,New England,20,2002,0.3,0,0,0,0,0,0,0,0,2,0,0,0,2,0,0,,Matches
110,Moïse Bombito,ca CAN,DF,Colorado Rapids,22,2000,8.3,6,1,1,15,3,1,2,11,10,0,0,0,39,17,12,58.6,Matches
111,Jonathan Bond,eng ENG,GK,LA Galaxy,29,1993,22.8,0,0,0,0,4,0,0,2,0,0,0,0,22,6,1,85.7,Matches
112,Pablo Bonilla,ve VEN,DF,Portland Timbers,23,1999,0.8,1,0,0,3,1,0,5,0,2,0,0,0,4,0,0,,Matches
113,Alex Bono,us USA,GK,D.C. United,28,1994,9.5,0,0,0,0,1,0,0,0,0,0,0,0,18,1,0,100.0,Matches
114,Shanyder Borgelin,ht HAI,FW,Inter Miami,21,2001,1.6,0,0,0,4,5,0,0,1,0,0,0,0,6,9,7,56.3,Matches
115,Dylan Borrero,co COL,"FW,MF",New England,21,2002,5.7,2,1,1,4,9,0,29,3,4,0,0,0,32,0,2,0.0,Matches
116,Gustavo Bou,ar ARG,"FW,MF",New England,32,1990,14.0,0,0,0,11,9,12,45,7,7,0,1,0,48,6,12,33.3,Matches
117,Denis Bouanga,ga GAB,FW,Los Angeles FC,28,1994,28.1,3,0,0,32,35,11,74,4,22,2,0,0,129,24,36,40.0,Matches
118,Ousseni Bouda,bf BFA,"FW,MF",San Jose,22,2000,1.7,2,0,0,10,0,1,3,2,0,0,0,0,7,7,4,63.6,Matches
119,Aaron Boupendza,ga GAB,FW,FC Cincinnati,26,1996,6.7,2,0,0,6,7,9,2,1,4,0,0,0,30,11,8,57.9,Matches
120,Michael Boxall,nz NZL,DF,Minnesota Utd,34,1988,31.7,9,0,0,30,18,2,2,48,24,0,0,0,164,41,23,64.1,Matches
121,Tyler Boyd,us USA,"FW,MF",LA Galaxy,28,1994,25.8,3,0,0,47,35,2,114,12,23,0,0,0,95,6,27,18.2,Matches
122,Michael Bradley,us USA,"MF,DF",Toronto FC,35,1987,16.0,2,0,0,6,3,1,1,19,17,0,0,0,105,2,6,25.0,Matches
123,Christopher Brady,us USA,GK,Chicago Fire,18,2004,29.3,3,0,0,1,9,0,0,1,0,0,1,0,20,6,1,85.7,Matches
124,Zachary Brault-Guillard,ca CAN,"DF,MF",CF Montréal,24,1998,14.5,0,0,0,8,9,3,64,12,9,0,0,0,66,15,7,68.2,Matches
125,Claudio Bravo,ar ARG,DF,Portland Timbers,25,1997,25.9,8,0,0,65,12,0,62,39,39,0,1,0,210,18,20,47.4,Matches
Rk,Player,Nation,Pos,Squad,Age,Born,90s,CrdY,CrdR,2CrdY,Fls,Fld,Off,Crs,Int,TklW,PKwon,PKcon,OG,Recov,Won,Lost,Won%,Matches
126,Luke Brennan,us USA,MF,Atlanta Utd,17,2005,0.0,0,0,0,0,0,0,0,0,0,0,0,0,0,0,0,,Matches
127,Brenner,br BRA,FW,FC Cincinnati,23,2000,5.9,2,0,0,4,8,3,1,2,5,0,0,0,29,2,1,66.7,Matches
128,Ethan Bristow,kn SKN,DF,Minnesota Utd,21,2001,6.0,2,1,1,12,3,0,16,2,7,0,0,0,31,1,5,16.7,Matches
129,Andrew Brody,us USA,DF,Real Salt Lake,27,1995,25.2,3,0,0,7,21,3,75,25,19,0,0,0,153,11,22,33.3,Matches
130,Brandt Bronico,us USA,MF,Charlotte,27,1995,28.8,5,0,0,60,27,1,29,23,30,0,0,0,168,28,26,51.9,Matches
131,Javain Brown,jm JAM,DF,Vancouver,23,1999,19.6,4,0,0,23,13,0,49,21,18,0,1,0,101,31,34,47.7,Matches
132,Gastón Brugman,uy URU,MF,LA Galaxy,30,1992,21.1,3,0,0,35,30,0,19,37,36,0,0,0,172,9,9,50.0,Matches
133,Will Bruin,us USA,FW,Austin,33,1989,3.9,2,0,0,6,8,2,0,0,0,0,0,0,7,8,12,40.0,Matches
134,Noel Buck,eng ENG,"MF,FW",New England,17,2005,19.5,4,0,0,25,29,0,9,18,32,0,0,0,93,5,16,23.8,Matches
135,Teal Bunbury,us USA,FW,Nashville,32,1990,18.3,7,0,0,41,26,12,16,7,8,0,0,0,39,82,91,47.4,Matches
136,Cory Burke,jm JAM,FW,NY Red Bulls,31,1991,10.8,3,0,0,34,12,5,5,4,18,0,0,0,41,64,76,45.7,Matches
137,Roman Bürki,ch SUI,GK,St. Louis,32,1990,33.0,1,0,0,1,6,0,0,0,1,0,1,0,63,13,0,100.0,Matches
138,Kendall Burks,us USA,"DF,MF",Chicago Fire,23,1999,5.7,1,0,0,6,3,0,1,6,5,0,1,0,26,13,8,61.9,Matches
139,Sergio Busquets,es ESP,MF,Inter Miami,34,1988,10.3,3,0,0,16,14,1,1,17,19,0,0,0,96,7,8,46.7,Matches
140,Brandon Bye,us USA,DF,New England,27,1995,18.5,1,0,0,12,12,3,77,20,18,0,0,0,82,32,26,55.2,Matches
141,Nathan Byrne,eng ENG,DF,Charlotte,30,1992,28.9,7,0,0,28,44,1,45,20,27,0,2,0,172,29,33,46.8,Matches
142,Jorge Cabezas,co COL,"FW,MF",NY Red Bulls,19,2003,1.3,0,0,0,2,1,2,0,0,1,0,0,0,3,1,10,9.1,Matches
143,Kevin Cabral,fr FRA,"FW,MF",Colorado Rapids,23,1999,13.1,8,0,0,21,19,2,13,9,11,0,0,0,37,9,16,36.0,Matches
144,Rémi Cabral,fr FRA,DF,Colorado Rapids,23,1999,0.1,0,0,0,0,1,0,0,0,0,0,0,0,0,0,0,,Matches
145,Martín Cáceres,uy URU,DF,LA Galaxy,35,1987,14.5,3,1,1,6,6,0,0,10,3,0,1,0,61,16,18,47.1,Matches
146,Deiber Caicedo,co COL,"MF,FW",Vancouver,22,2000,2.2,0,0,0,3,6,1,11,3,3,1,0,0,15,0,2,0.0,Matches
147,Luís Caicedo,co COL,MF,Dynamo FC,26,1996,13.5,6,0,0,31,30,0,0,17,13,0,0,0,78,9,11,45.0,Matches
148,Scott Caldwell,us USA,MF,Real Salt Lake,31,1991,1.9,0,0,0,0,2,0,0,0,1,0,0,0,11,0,1,0.0,Matches
149,Lucas Calegari,br BRA,DF,LA Galaxy,20,2002,21.5,2,0,0,15,35,1,31,23,29,0,0,1,128,6,13,31.6,Matches
150,Noel Caliskan,de GER,MF,Portland Timbers,22,2000,2.9,1,0,0,2,6,0,0,2,4,0,0,0,13,0,5,0.0,Matches
Rk,Player,Nation,Pos,Squad,Age,Born,90s,CrdY,CrdR,2CrdY,Fls,Fld,Off,Crs,Int,TklW,PKwon,PKcon,OG,Recov,Won,Lost,Won%,Matches
151,Drake Callender,us USA,GK,Inter Miami,25,1997,33.0,0,0,0,0,1,0,0,0,0,0,0,0,40,7,3,70.0,Matches
152,Rudy Camacho,fr FRA,DF,Columbus Crew,31,1991,8.8,1,0,0,14,3,0,0,8,6,0,0,0,67,10,16,38.5,Matches
153,Rudy Camacho,fr FRA,"DF,MF",CF Montréal,31,1991,17.9,5,1,0,22,8,1,0,29,14,0,0,0,119,47,23,67.1,Matches
154,Brandon Cambridge,us USA,"FW,DF",Charlotte,20,2002,1.5,0,0,0,2,6,0,7,1,0,0,0,0,8,0,2,0.0,Matches
155,Leonardo Campana,ec ECU,FW,Inter Miami,22,2000,18.2,4,0,0,19,25,12,7,4,13,2,0,0,29,46,47,49.5,Matches
156,George Campbell,us USA,DF,CF Montréal,21,2001,20.6,5,0,0,25,14,0,3,25,29,0,1,0,160,29,31,48.3,Matches
157,Russell Canouse,us USA,MF,D.C. United,27,1995,24.6,8,0,0,36,32,0,6,31,45,0,1,0,176,14,11,56.0,Matches
158,Antonio Carlos,br BRA,DF,Orlando City,29,1993,15.7,6,0,0,19,11,1,0,16,8,0,0,0,55,32,19,62.7,Matches
159,Wikelman Carmona,ve VEN,"FW,MF",NY Red Bulls,19,2003,7.4,0,0,0,18,12,0,11,3,6,0,0,0,45,7,14,33.3,Matches
160,Julián Carranza,ar ARG,FW,Philadelphia,22,2000,27.6,8,2,1,92,66,29,19,12,14,3,1,0,87,47,60,43.9,Matches
161,Adalberto Carrasquilla,pa PAN,"FW,MF",Dynamo FC,24,1998,22.6,9,0,0,43,39,0,50,9,7,1,0,0,104,9,17,34.6,Matches
162,Wilder Cartagena,pe PER,MF,Orlando City,28,1994,21.1,8,1,0,55,37,0,5,11,30,0,0,0,131,22,21,51.2,Matches
163,Javier Casas,us USA,MF,Chicago Fire,19,2003,0.6,0,0,0,0,0,0,1,1,1,0,0,0,6,1,1,50.0,Matches
164,Julio Cascante,cr CRC,DF,Austin,29,1993,22.9,5,0,0,23,23,0,0,20,14,0,1,0,81,74,53,58.3,Matches
165,Cristian Cásseres Jr.,ve VEN,MF,NY Red Bulls,23,2000,16.0,7,0,0,29,31,7,80,19,24,0,0,0,122,22,22,50.0,Matches
166,Robert Castellanos,us USA,DF,Sporting KC,24,1998,7.8,1,1,0,8,3,0,0,9,7,0,1,0,33,33,14,70.2,Matches
167,Roman Celentano,us USA,GK,FC Cincinnati,22,2000,33.0,3,0,0,1,5,0,0,0,0,0,1,1,24,9,0,100.0,Matches
168,Edwin Cerrillo,us USA,MF,FC Dallas,22,2000,15.1,6,0,0,18,8,0,4,14,15,0,0,0,122,2,10,16.7,Matches
169,Edwin Cerrillo,us USA,MF,LA Galaxy,22,2000,9.0,3,0,0,10,7,0,3,6,9,0,0,0,66,2,6,25.0,Matches
170,Tomás Chancalay,ar ARG,"FW,MF",New England,24,1999,9.5,2,0,0,16,9,2,22,3,11,0,0,0,38,3,8,27.3,Matches
171,Maikel Chang,cu CUB,"MF,FW",Real Salt Lake,31,1991,11.3,1,0,0,7,10,1,95,5,8,0,0,0,54,5,15,25.0,Matches
172,Maxime Chanot,lu LUX,DF,NYCFC,33,1989,19.0,5,0,0,19,11,1,0,27,16,0,0,0,109,35,21,62.5,Matches
173,Diego Chará,co COL,MF,Portland Timbers,36,1986,28.5,8,0,0,41,37,0,7,30,40,0,0,1,204,15,15,50.0,Matches
174,Yimmi Chará,co COL,FW,Portland Timbers,31,1991,8.2,0,0,0,7,11,4,13,5,11,0,0,0,53,2,4,33.3,Matches
175,Yevhen Cheberko,ua UKR,DF,Columbus Crew,25,1998,2.2,1,0,0,5,2,0,0,2,3,0,0,0,18,1,3,25.0,Matches
Rk,Player,Nation,Pos,Squad,Age,Born,90s,CrdY,CrdR,2CrdY,Fls,Fld,Off,Crs,Int,TklW,PKwon,PKcon,OG,Recov,Won,Lost,Won%,Matches
176,Giorgio Chiellini,it ITA,DF,Los Angeles FC,38,1984,15.2,2,0,0,11,11,1,2,29,11,0,0,1,101,35,24,59.3,Matches
177,Mathieu Choiniere,ca CAN,"MF,DF",CF Montréal,23,1999,27.0,4,0,0,36,45,2,119,26,38,0,0,0,149,12,25,32.4,Matches
178,Léo Chú,br BRA,FW,Seattle,22,2000,22.8,7,1,1,37,24,7,90,11,20,0,0,0,90,7,14,33.3,Matches
179,José Cifuentes,ec ECU,MF,Los Angeles FC,23,1999,15.1,4,0,0,25,10,0,26,11,22,1,0,0,86,19,17,52.8,Matches
180,Cam Cilley,us USA,"FW,MF",San Jose,22,2000,0.0,0,0,0,0,0,0,0,0,0,0,0,0,2,0,0,,Matches
181,Abdoulaye Cissoko,fr FRA,DF,Seattle,23,1999,1.0,1,0,0,2,1,0,0,0,0,0,0,0,3,0,0,,Matches
182,Steve Clark,us USA,GK,Dynamo FC,36,1986,33.0,4,0,0,0,9,0,0,0,0,0,0,0,34,6,0,100.0,Matches
183,Stefan Cleveland,us USA,GK,Seattle,28,1994,2.0,0,0,0,0,0,0,0,0,0,0,0,0,1,0,0,,Matches
184,Noah Cobb,us USA,DF,Atlanta Utd,17,2005,2.2,1,0,0,1,1,0,0,0,1,0,0,0,17,2,0,100.0,Matches
185,Alonso Coello,es ESP,MF,Toronto FC,23,1999,14.3,2,0,0,10,9,0,15,18,40,0,1,0,114,9,13,40.9,Matches
186,Jackson Conway,us USA,FW,Atlanta Utd,21,2001,0.6,0,0,0,2,0,0,0,0,0,0,0,0,3,0,1,0.0,Matches
187,Enzo Copetti,ar ARG,FW,Charlotte,27,1996,22.0,7,0,0,45,35,12,14,5,3,2,0,0,39,61,72,45.9,Matches
188,Gabriele Corbo,it ITA,DF,CF Montréal,23,2000,25.4,6,0,0,26,12,0,10,32,18,0,1,1,145,27,24,52.9,Matches
189,Sergio Córdova,ve VEN,"FW,MF",Vancouver,25,1997,9.4,2,0,0,16,24,13,9,1,11,1,0,0,31,20,32,38.5,Matches
190,Carlos Coronel,py PAR,GK,NY Red Bulls,26,1996,34.0,4,0,0,0,7,0,0,0,0,0,0,0,53,5,0,100.0,Matches
191,Guzmán Corujo,uy URU,DF,Charlotte,26,1996,3.9,2,0,0,6,1,0,0,5,8,0,0,0,23,9,8,52.9,Matches
192,Douglas Costa,br BRA,"FW,MF",LA Galaxy,32,1990,13.5,2,1,0,10,21,2,88,8,6,0,0,0,58,3,6,33.3,Matches
193,Séga Coulibaly,fr FRA,DF,LA Galaxy,26,1996,1.0,0,0,0,1,0,0,0,0,2,0,1,0,6,1,0,100.0,Matches
194,Cade Cowell,us USA,FW,San Jose,19,2003,17.1,2,0,0,15,13,4,44,6,9,1,0,0,58,7,12,36.8,Matches
195,Ben Cremaschi,us USA,"MF,FW",Inter Miami,17,2005,19.9,6,0,0,39,26,3,15,14,28,0,0,0,97,23,24,48.9,Matches
196,Maxime Crépeau,ca CAN,GK,Los Angeles FC,28,1994,7.0,1,0,0,0,2,0,0,0,0,0,0,0,9,2,0,100.0,Matches
197,Daniel Crisostomo,us USA,MF,Los Angeles FC,26,1997,3.1,2,0,0,4,4,0,2,5,5,0,0,0,18,1,4,20.0,Matches
198,Andrés Cubas,py PAR,MF,Vancouver,26,1996,23.8,7,0,0,61,21,0,1,50,40,0,0,0,214,6,10,37.5,Matches
199,Cucho,co COL,FW,Columbus Crew,23,1999,26.3,5,1,1,33,25,15,49,10,11,1,0,0,66,31,40,43.7,Matches
200,Mauricio Cuevas,us USA,DF,LA Galaxy,19,2003,4.7,2,0,0,8,5,0,19,5,5,0,0,0,26,3,4,42.9,Matches
Rk,Player,Nation,Pos,Squad,Age,Born,90s,CrdY,CrdR,2CrdY,Fls,Fld,Off,Crs,Int,TklW,PKwon,PKcon,OG,Recov,Won,Lost,Won%,Matches
201,Braian Cufré,ar ARG,DF,NYCFC,26,1996,20.7,6,1,0,31,13,2,47,17,25,1,0,0,112,5,18,21.7,Matches
202,Antony Curic,ca CAN,DF,Toronto FC,22,2001,0.0,0,0,0,0,0,0,0,0,0,0,0,0,0,0,0,,Matches
203,Rafael Czichos,de GER,DF,Chicago Fire,32,1990,27.9,6,0,0,30,17,3,4,44,34,0,1,0,150,52,39,57.1,Matches
204,Cristián Dajome,co COL,"FW,DF",D.C. United,29,1994,8.7,2,0,0,15,17,2,21,4,10,0,0,0,35,11,17,39.3,Matches
205,Cristián Dajome,co COL,"MF,FW",Vancouver,29,1994,3.3,0,0,0,2,5,3,11,4,3,0,0,0,19,2,9,18.2,Matches
206,Dagur Dan Þórhallsson,is ISL,"DF,MF",Orlando City,22,2000,13.4,2,0,0,17,11,0,19,9,9,1,0,0,69,7,12,36.8,Matches
207,Daniel,br BRA,GK,San Jose,28,1994,21.6,1,1,0,1,5,0,0,0,0,0,0,0,24,5,0,100.0,Matches
208,Jesús Daniel Bueno,ve VEN,MF,Philadelphia,23,1999,10.7,3,2,0,21,14,0,8,17,21,0,0,0,77,7,8,46.7,Matches
209,Juan David Mosquera,co COL,DF,Portland Timbers,20,2002,26.7,1,0,0,14,32,1,96,18,27,0,0,0,172,16,27,37.2,Matches
210,Bode Davis,us USA,DF,Real Salt Lake,20,2002,13.1,2,0,0,11,7,0,28,15,15,0,0,0,79,14,3,82.4,Matches
211,Erick Davis,pa PAN,DF,D.C. United,31,1991,6.0,0,0,0,0,5,0,32,9,5,0,0,0,43,6,4,60.0,Matches
212,Jake Davis,us USA,DF,Sporting KC,21,2002,22.6,3,0,0,28,10,0,50,34,40,0,0,0,109,12,16,42.9,Matches
213,Sean Davis,us USA,MF,Nashville,29,1993,20.8,0,0,0,17,12,0,7,30,13,0,0,0,117,20,10,66.7,Matches
214,Jonathan Dean,us USA,DF,Chicago Fire,25,1997,15.3,5,0,0,12,9,0,30,23,13,0,2,0,83,21,23,47.7,Matches
215,Miloš Degenek,au AUS,DF,Columbus Crew,28,1994,9.5,3,0,0,10,5,0,3,15,10,0,1,1,56,23,21,52.3,Matches
216,Brecht Dejaegere,be BEL,"FW,MF",Charlotte,31,1991,5.3,0,0,0,6,9,2,11,5,6,0,1,0,31,4,4,50.0,Matches
217,Marky Delgado,us USA,MF,LA Galaxy,27,1995,25.7,6,0,0,31,23,2,49,36,33,0,0,0,163,14,16,46.7,Matches
218,Luis Díaz,cr CRC,FW,Colorado Rapids,24,1998,1.0,1,0,0,3,2,0,9,0,1,0,0,0,5,1,1,50.0,Matches
219,Luis Díaz,cr CRC,"DF,MF",Columbus Crew,24,1998,0.9,0,0,0,4,1,0,4,0,1,0,0,0,5,0,1,0.0,Matches
220,Bakaye Dibassy,ml MLI,DF,Minnesota Utd,33,1989,5.3,0,0,0,7,2,0,4,3,3,0,1,0,22,5,7,41.7,Matches
221,Adama Diomande,no NOR,FW,Toronto FC,32,1990,1.8,0,0,0,1,1,1,1,0,0,0,0,0,1,3,3,50.0,Matches
222,Clément Diop,sn SEN,GK,Atlanta Utd,29,1993,1.5,1,0,0,0,0,0,0,0,0,0,0,0,1,0,0,,Matches
223,Hamady Diop,sn SEN,"DF,MF",Charlotte,20,2002,0.4,0,0,0,0,1,0,0,0,1,0,0,0,2,3,0,100.0,Matches
224,Sofiane Djeffal,fr FRA,MF,Austin,23,1999,3.5,1,0,0,8,3,0,1,2,3,0,0,0,12,7,2,77.8,Matches
225,Ethan Dobbelaere,us USA,FW,Seattle,20,2002,1.1,0,0,0,1,1,0,1,0,0,0,0,0,1,0,2,0.0,Matches
Rk,Player,Nation,Pos,Squad,Age,Born,90s,CrdY,CrdR,2CrdY,Fls,Fld,Off,Crs,Int,TklW,PKwon,PKcon,OG,Recov,Won,Lost,Won%,Matches
226,Ronald Donkor,ml MLI,"MF,DF",NY Red Bulls,18,2004,0.5,0,0,0,2,0,0,2,1,2,0,0,0,6,0,1,0.0,Matches
227,Christopher Donovan,us USA,FW,Philadelphia,22,2000,4.3,1,0,0,7,4,2,3,2,4,0,0,0,18,29,25,53.7,Matches
228,Griffin Dorsey,us USA,DF,Dynamo FC,23,1999,11.4,7,0,0,19,14,0,32,13,10,1,0,0,54,10,10,50.0,Matches
229,C.J. dos Santos,us USA,GK,Inter Miami,22,2000,1.0,0,0,0,0,0,0,0,0,0,0,0,0,2,3,0,100.0,Matches
230,Hassani Dotson,us USA,"MF,FW",Minnesota Utd,25,1997,28.6,3,0,0,21,33,1,31,32,34,1,0,0,169,44,51,46.3,Matches
231,Ousmane Doumbia,ci CIV,MF,Chicago Fire,30,1992,9.0,4,0,0,19,6,1,6,15,11,0,0,0,62,5,2,71.4,Matches
232,Sebastián Driussi,ar ARG,"MF,FW",Austin,26,1996,25.6,1,0,0,22,34,1,42,8,23,1,0,0,95,23,38,37.7,Matches
233,Erik Duenas,us USA,"MF,DF",Los Angeles FC,18,2004,8.4,2,0,0,19,15,0,3,13,14,0,0,0,64,1,2,33.3,Matches
234,Bryce Duke,us USA,MF,Inter Miami,21,2001,4.9,1,0,0,5,7,0,3,7,3,0,0,0,34,1,11,8.3,Matches
235,Bryce Duke,us USA,"MF,FW",CF Montréal,21,2001,16.3,2,0,0,17,36,3,59,15,13,0,0,0,73,6,10,37.5,Matches
236,Cameron Duke,us USA,DF,Sporting KC,21,2001,1.5,0,0,0,0,1,0,4,5,3,0,0,0,14,1,1,50.0,Matches
237,Cameron Dunbar,us USA,"MF,FW",Minnesota Utd,20,2002,1.3,0,0,0,0,4,0,9,2,0,0,0,0,9,0,2,0.0,Matches
238,Kyle Duncan,us USA,DF,NY Red Bulls,25,1997,20.5,11,0,0,43,37,0,36,30,38,0,2,0,181,41,37,52.6,Matches
239,Chris Durkin,us USA,MF,D.C. United,22,2000,21.9,2,0,0,37,34,2,53,21,34,0,1,0,120,13,28,31.7,Matches
240,Jeremy Ebobisse,us USA,FW,San Jose,25,1997,32.9,3,0,0,19,59,7,16,14,9,3,0,0,69,25,35,41.7,Matches
241,Daniel Edelman,us USA,MF,NY Red Bulls,19,2003,20.6,5,0,0,25,37,0,8,27,24,0,0,0,164,38,31,55.1,Matches
242,Earl Edwards Jr.,us USA,GK,New England,31,1992,10.0,2,0,0,0,0,0,0,0,0,0,0,0,17,2,1,66.7,Matches
243,Raheem Edwards,ca CAN,DF,LA Galaxy,27,1995,20.8,8,0,0,30,36,6,49,24,33,1,0,0,135,24,26,48.0,Matches
244,Jack Elliott,eng ENG,DF,Philadelphia,27,1995,31.0,7,1,1,25,11,4,1,46,23,0,1,0,191,57,36,61.3,Matches
245,Herbert Endeley,us USA,"MF,FW",FC Dallas,21,2001,2.4,0,0,0,1,6,0,3,1,4,0,0,0,10,1,1,50.0,Matches
246,Emeka Eneli,us USA,"DF,MF",Real Salt Lake,23,1999,14.7,5,0,0,11,28,2,13,13,12,0,0,0,107,10,14,41.7,Matches
247,Ramiro Enrique,ar ARG,FW,Orlando City,21,2001,11.5,4,0,0,24,23,5,7,4,6,0,1,0,19,48,59,44.9,Matches
248,Franco Escobar,ar ARG,DF,Dynamo FC,27,1995,24.7,11,0,0,24,19,5,29,35,49,0,0,0,135,23,37,38.3,Matches
249,Cristian Espinoza,ar ARG,"FW,MF",San Jose,27,1995,33.7,6,0,0,44,20,10,374,21,33,0,0,0,136,5,31,13.9,Matches
250,Roger Espinoza,hn HON,MF,Sporting KC,36,1986,8.1,3,0,0,16,13,1,13,8,8,0,0,0,47,11,6,64.7,Matches
Rk,Player,Nation,Pos,Squad,Age,Born,90s,CrdY,CrdR,2CrdY,Fls,Fld,Off,Crs,Int,TklW,PKwon,PKcon,OG,Recov,Won,Lost,Won%,Matches
251,Derrick Etienne,ht HAI,"FW,MF",Atlanta Utd,26,1996,11.6,1,0,0,11,16,9,30,5,8,0,0,0,60,1,5,16.7,Matches
252,Evander,br BRA,"MF,FW",Portland Timbers,24,1998,24.5,5,0,0,31,32,0,148,14,11,0,1,0,114,4,15,21.1,Matches
253,Diego Fagúndez,uy URU,"FW,MF",Austin,27,1995,11.4,1,0,0,12,11,1,52,3,7,0,0,0,41,2,9,18.2,Matches
254,Diego Fagúndez,uy URU,"FW,MF",LA Galaxy,27,1995,6.4,0,0,0,5,4,0,35,1,7,0,0,0,30,2,1,66.7,Matches
255,José Fajardo,pa PAN,"FW,MF",D.C. United,29,1993,2.7,0,0,0,8,4,1,0,0,1,0,0,0,7,4,5,44.4,Matches
256,Mamadou Fall,sn SEN,DF,Los Angeles FC,20,2002,1.0,0,0,0,1,1,0,0,2,0,0,0,0,10,2,1,66.7,Matches
257,Marco Farfan,us USA,DF,FC Dallas,24,1998,29.8,5,0,0,21,46,2,58,29,26,0,0,0,115,32,40,44.4,Matches
258,Jordan Faria,ca CAN,FW,Toronto FC,22,2000,0.3,0,0,0,1,0,0,1,0,0,0,0,0,1,0,0,,Matches
259,Facundo Farías,ar ARG,"FW,MF",Inter Miami,20,2002,9.3,4,0,0,11,11,2,26,0,4,0,0,0,38,0,6,0.0,Matches
260,Andrew Farrell,us USA,DF,New England,30,1992,21.5,1,0,0,11,13,0,5,24,18,0,2,1,139,12,16,42.9,Matches
261,Mohamed Farsi,ca CAN,"DF,MF",Columbus Crew,23,1999,24.0,1,0,0,28,32,6,49,16,21,0,1,0,111,9,29,23.7,Matches
262,Felipe,br BRA,MF,Orlando City,32,1990,6.3,4,0,0,6,11,1,9,8,6,0,0,0,38,5,7,41.7,Matches
263,Julián Fernández,ar ARG,"FW,MF",NYCFC,19,2004,3.6,1,0,0,5,3,0,19,2,5,0,0,0,18,3,4,42.9,Matches
264,Omir Fernandez,us USA,"MF,FW",NY Red Bulls,23,1999,19.4,2,0,0,6,33,3,10,8,17,1,0,0,81,7,22,24.1,Matches
265,Jesús Ferreira,us USA,FW,FC Dallas,22,2000,25.2,2,0,0,10,7,5,115,14,14,0,0,0,67,6,23,20.7,Matches
266,Sebastián Ferreira,py PAR,FW,Dynamo FC,24,1998,3.4,1,0,0,3,6,2,1,0,2,0,0,0,11,8,10,44.4,Matches
267,Ethan Finlay,us USA,"FW,MF",Austin,32,1990,18.8,2,0,0,13,8,7,47,7,14,0,0,0,47,13,25,34.2,Matches
268,Nicolas Firmino,us USA,MF,Atlanta Utd,22,2001,0.0,0,0,0,0,0,0,0,0,1,0,0,0,0,0,0,,Matches
269,Leon Flach,us USA,MF,Philadelphia,21,2001,19.9,5,0,0,29,12,0,10,32,19,0,0,0,97,10,10,50.0,Matches
270,Kristian Fletcher,us USA,"FW,MF",D.C. United,17,2005,1.5,0,0,0,3,1,1,1,0,2,0,0,0,4,2,7,22.2,Matches
271,Danny Flores,us USA,MF,Sporting KC,20,2002,0.1,0,0,0,0,0,0,0,0,0,0,0,0,0,0,0,,Matches
272,CJ Fodrey,us USA,"DF,FW",Austin,18,2004,0.4,0,0,0,0,1,0,6,0,0,0,0,0,1,1,3,25.0,Matches
273,Nathan Fogaça,br BRA,FW,Portland Timbers,23,1999,6.3,2,0,0,17,8,4,4,1,4,0,0,0,20,20,26,43.5,Matches
274,Andreu Fontàs,es ESP,DF,Sporting KC,33,1989,26.6,4,1,0,19,10,0,0,40,35,0,0,0,153,28,17,62.2,Matches
275,Ajani Fortune,tt TRI,MF,Atlanta Utd,20,2002,4.2,3,0,0,12,4,1,0,4,2,0,0,0,20,0,2,0.0,Matches
Rk,Player,Nation,Pos,Squad,Age,Born,90s,CrdY,CrdR,2CrdY,Fls,Fld,Off,Crs,Int,TklW,PKwon,PKcon,OG,Recov,Won,Lost,Won%,Matches
276,Taxiarchis Fountas,gr GRE,"FW,MF",D.C. United,27,1995,12.2,3,0,0,18,18,4,6,5,7,1,0,0,34,5,10,33.3,Matches
277,Franco Fragapane,ar ARG,"MF,FW",Minnesota Utd,29,1993,14.8,2,0,0,10,23,4,47,11,12,0,0,0,79,6,9,40.0,Matches
278,Iván Franco,py PAR,"FW,MF",Dynamo FC,22,2000,11.8,3,0,0,23,19,3,7,5,11,0,0,0,66,22,28,44.0,Matches
279,Kobe Franklin,ca CAN,"DF,MF",Toronto FC,19,2003,24.1,2,0,0,13,29,0,31,31,32,0,0,0,152,15,30,33.3,Matches
280,Liam Fraser,ca CAN,MF,FC Dallas,24,1998,4.1,0,0,0,3,1,0,6,6,5,0,0,0,21,7,1,87.5,Matches
281,Ian Fray,us USA,"DF,MF",Inter Miami,20,2002,7.3,4,0,0,10,16,0,5,9,9,0,0,0,37,8,9,47.1,Matches
282,Alexander Freeman,us USA,DF,Orlando City,18,2004,0.0,0,0,0,0,0,0,0,0,0,0,0,0,0,0,0,,Matches
283,Matt Freese,us USA,GK,NYCFC,24,1998,10.0,0,0,0,0,0,0,0,0,0,0,0,0,5,1,0,100.0,Matches
284,Stefan Frei,ch SUI,GK,Seattle,36,1986,32.0,0,0,0,0,6,0,0,0,0,0,0,1,32,3,1,75.0,Matches
285,Ray Gaddis,us USA,DF,FC Cincinnati,33,1990,13.9,3,0,0,7,6,1,9,13,17,0,0,0,91,6,11,35.3,Matches
286,Julian Gaines,us USA,DF,Los Angeles FC,20,2002,0.7,0,0,0,1,0,0,0,0,0,0,0,0,4,0,1,0.0,Matches
287,McKinze Gaines,us USA,"FW,MF",Charlotte,24,1998,8.2,3,0,0,14,8,4,35,2,5,0,0,0,31,3,9,25.0,Matches
288,Jon Gallagher,ie IRL,"DF,MF",Austin,26,1996,31.0,4,0,0,22,32,2,102,22,24,1,0,0,147,17,25,40.5,Matches
289,Pedro Gallese,pe PER,GK,Orlando City,32,1990,30.0,3,0,0,0,9,0,0,0,1,0,0,0,35,3,1,75.0,Matches
290,Braian Galván,ar ARG,"FW,DF",Colorado Rapids,22,2000,7.4,1,2,0,4,10,0,23,8,2,0,0,0,37,2,3,40.0,Matches
291,Mender García,co COL,"FW,MF",Minnesota Utd,24,1998,11.4,0,0,0,20,7,11,5,4,7,0,0,0,39,19,63,23.2,Matches
292,Chase Gasper,us USA,DF,Dynamo FC,27,1996,2.3,1,0,0,4,2,0,6,1,1,0,1,0,10,6,0,100.0,Matches
293,Ryan Gauld,sct SCO,"FW,MF",Vancouver,27,1995,29.2,5,0,0,38,31,6,167,16,39,1,0,0,123,25,32,43.9,Matches
294,Luka Gavran,ca CAN,GK,Toronto FC,22,2000,4.0,0,0,0,1,0,0,0,0,0,0,1,0,4,0,0,,Matches
295,Dániel Gazdag,hu HUN,MF,Philadelphia,26,1996,30.3,5,0,0,29,47,16,29,9,13,2,0,0,128,7,14,33.3,Matches
296,Geovane,br BRA,DF,FC Dallas,21,2001,11.0,5,0,0,16,24,0,24,15,10,0,0,0,37,53,23,69.7,Matches
297,Alex Gersbach,au AUS,"DF,MF",Colorado Rapids,25,1997,2.9,0,0,0,3,1,0,5,6,2,0,0,0,13,1,7,12.5,Matches
298,Giorgos Giakoumakis,gr GRE,FW,Atlanta Utd,28,1994,19.8,7,0,0,44,45,18,3,2,16,0,0,0,37,37,35,51.4,Matches
299,Carles Gil,es ESP,MF,New England,30,1992,29.1,4,0,0,9,71,1,184,14,19,0,0,0,167,1,4,20.0,Matches
300,Nacho Gil,es ESP,"FW,DF",New England,27,1995,5.8,2,0,0,9,14,1,17,4,7,0,0,0,20,3,6,33.3,Matches
Rk,Player,Nation,Pos,Squad,Age,Born,90s,CrdY,CrdR,2CrdY,Fls,Fld,Off,Crs,Int,TklW,PKwon,PKcon,OG,Recov,Won,Lost,Won%,Matches
301,Gastón Giménez,py PAR,MF,Chicago Fire,31,1991,24.4,10,1,1,38,16,0,43,28,40,0,0,0,194,20,17,54.1,Matches
302,Nicholas Gioacchini,us USA,"FW,MF",St. Louis,22,2000,23.3,2,0,0,43,62,10,3,10,15,0,0,0,60,60,117,33.9,Matches
303,Justen Glad,us USA,DF,Real Salt Lake,25,1997,30.2,7,1,0,29,12,0,3,50,25,0,0,1,165,55,44,55.6,Matches
304,Jakob Glesnes,no NOR,DF,Philadelphia,28,1994,31.0,6,0,0,27,11,0,4,46,27,0,1,1,176,52,35,59.8,Matches
305,Caden Glover,us USA,MF,St. Louis,15,2007,0.2,0,0,0,0,0,0,0,0,0,0,0,0,0,0,2,0.0,Matches
306,Aníbal Godoy,pa PAN,MF,Nashville,32,1990,18.5,5,0,0,20,26,0,7,20,16,0,1,0,131,18,18,50.0,Matches
307,Yeimar Gómez Andrade,co COL,DF,Seattle,30,1992,32.1,6,0,0,37,11,3,1,73,30,0,1,1,206,80,48,62.5,Matches
308,Carlos Gómez,co COL,"MF,FW",Real Salt Lake,20,2002,15.5,2,0,0,19,10,3,54,8,22,0,0,0,84,4,15,21.1,Matches
309,Diego Gómez,py PAR,"MF,FW",Inter Miami,19,2003,4.6,2,0,0,11,6,6,1,5,6,0,0,0,32,9,6,60.0,Matches
310,Gaston Gonzalez,ar ARG,"FW,DF",Orlando City,21,2001,8.0,0,0,0,15,7,1,40,5,9,0,0,0,35,4,10,28.6,Matches
311,Mario González,es ESP,FW,Los Angeles FC,26,1996,4.3,0,0,0,3,2,1,0,0,0,0,0,0,4,4,7,36.4,Matches
312,Omar Gonzalez,us USA,DF,New England,34,1988,9.6,3,0,0,9,3,0,0,5,4,0,0,0,37,21,11,65.6,Matches
313,Zavier Gozo,us USA,FW,Real Salt Lake,15,2007,0.1,0,0,0,0,0,0,0,0,0,0,0,0,0,0,1,0.0,Matches
314,Alejandro Granados,es ESP,FW,Orlando City,16,2006,0.0,0,0,0,1,0,0,0,0,0,0,0,0,0,0,0,,Matches
315,Tayvon Gray,us USA,DF,NYCFC,20,2002,22.7,4,0,0,20,23,1,23,27,21,0,1,0,131,31,13,70.5,Matches
316,Jacob Greene,us USA,DF,D.C. United,19,2003,5.4,1,0,0,5,7,0,2,2,7,0,0,0,30,5,4,55.6,Matches
317,Gregore,br BRA,MF,Inter Miami,28,1994,4.3,2,0,0,10,7,0,3,3,5,0,0,0,33,9,5,64.3,Matches
318,Ján Greguš,sk SVK,MF,Nashville,32,1991,2.5,1,0,0,4,1,0,1,4,9,0,0,0,25,1,4,20.0,Matches
319,Ján Greguš,sk SVK,MF,Minnesota Utd,32,1991,10.0,2,0,0,8,8,0,22,8,7,0,0,0,64,7,0,100.0,Matches
320,Julian Gressel,us USA,"DF,MF",Columbus Crew,29,1993,8.2,0,0,0,10,3,0,72,6,11,0,0,0,27,3,4,42.9,Matches
321,Julian Gressel,us USA,MF,Vancouver,29,1993,15.1,2,0,0,12,8,0,106,14,10,0,0,0,104,6,7,46.2,Matches
322,Victor Griffith,pa PAN,MF,Portland Timbers,22,2000,1.0,1,0,0,2,0,0,0,0,0,0,0,0,7,1,2,33.3,Matches
323,Carlos Gruezo,ec ECU,MF,San Jose,27,1995,23.9,9,0,0,34,6,0,2,25,25,0,0,0,168,10,13,43.5,Matches
324,Brian Gutiérrez,us USA,"FW,MF",Chicago Fire,19,2003,26.5,2,0,0,33,56,4,46,8,22,1,0,0,131,8,26,23.5,Matches
325,Cristián Gutiérrez,cl CHI,DF,Toronto FC,25,1997,2.7,0,0,0,0,2,1,4,5,0,0,0,0,16,1,4,20.0,Matches
Rk,Player,Nation,Pos,Squad,Age,Born,90s,CrdY,CrdR,2CrdY,Fls,Fld,Off,Crs,Int,TklW,PKwon,PKcon,OG,Recov,Won,Lost,Won%,Matches
326,Diego Gutierrez,us USA,"FW,MF",Portland Timbers,23,1999,2.7,0,0,0,2,3,0,13,3,1,0,0,0,13,0,3,0.0,Matches
327,Felipe Gutiérrez,cl CHI,MF,Sporting KC,32,1990,3.3,1,0,0,5,5,0,7,3,5,0,0,0,19,0,0,,Matches
328,Andrew Gutman,us USA,DF,Atlanta Utd,26,1996,15.4,3,1,0,18,17,0,25,13,18,0,1,0,92,22,11,66.7,Matches
329,Andrew Gutman,us USA,DF,Colorado Rapids,26,1996,11.2,1,0,0,11,15,2,15,15,15,0,0,0,66,13,8,61.9,Matches
330,Brad Guzan,us USA,GK,Atlanta Utd,38,1984,27.0,2,0,0,0,5,0,0,0,0,0,0,0,36,6,0,100.0,Matches
331,Justin Haak,us USA,"DF,MF",NYCFC,21,2001,10.1,3,0,0,14,10,0,1,20,8,0,0,0,60,22,3,88.0,Matches
332,Luke Haakenson,us USA,"MF,FW",Nashville,25,1997,3.0,2,0,0,6,7,1,2,2,2,0,0,0,13,5,2,71.4,Matches
333,Teenage Hadebe,zw ZIM,DF,Dynamo FC,27,1995,11.5,1,0,0,6,4,2,1,13,5,0,1,0,51,16,11,59.3,Matches
334,Nick Hagglund,us USA,DF,FC Cincinnati,30,1992,23.9,2,1,0,20,13,1,2,32,18,0,1,0,98,76,33,69.7,Matches
335,Maren Haile-Selassie,ch SUI,"FW,DF",Chicago Fire,23,1999,21.2,1,0,0,14,16,12,61,18,19,0,0,1,107,2,15,11.8,Matches
336,Julian Hall,us USA,FW,NY Red Bulls,14,2008,0.1,0,0,0,0,0,0,0,0,0,0,0,0,1,0,0,,Matches
337,Michael Halliday,us USA,DF,Orlando City,20,2003,9.5,2,0,0,7,3,0,27,9,10,0,0,0,64,11,6,64.7,Matches
338,Bret Halsey,us USA,DF,FC Cincinnati,22,2000,2.6,1,0,0,3,2,0,6,1,5,0,0,0,16,2,2,50.0,Matches
339,Ahmed Hamdi,eg EGY,"MF,FW",CF Montréal,24,1998,5.3,1,0,0,6,2,0,1,1,5,0,0,0,31,2,2,50.0,Matches
340,Yosuke Hanya,jp JPN,"FW,MF",Colorado Rapids,24,1999,0.5,0,0,0,1,1,0,2,0,0,0,0,0,2,1,0,100.0,Matches
341,Ian Harkes,us USA,MF,New England,27,1995,6.7,1,0,0,10,10,0,6,9,2,0,0,0,38,7,7,50.0,Matches
342,Cameron Harper,us USA,"DF,MF",NY Red Bulls,21,2001,23.9,7,1,1,36,21,0,100,11,30,0,0,0,168,12,19,38.7,Matches
343,Nathan Harriel,us USA,DF,Philadelphia,21,2001,18.6,5,0,0,27,19,1,22,44,34,0,0,1,90,41,27,60.3,Matches
344,Calvin Harris,eng ENG,FW,Colorado Rapids,22,2000,10.0,0,0,0,7,13,1,27,5,6,0,0,0,47,8,15,34.8,Matches
345,Thomas Hasal,ca CAN,GK,Vancouver,23,1999,1.0,0,0,0,0,0,0,0,0,0,0,0,0,1,0,0,,Matches
346,Héber,br BRA,"FW,MF",Seattle,31,1991,11.8,0,0,0,13,6,5,3,0,6,0,0,0,18,9,32,22.0,Matches
347,Matt Hedges,us USA,DF,Toronto FC,32,1990,11.9,3,0,0,8,7,1,0,18,11,0,0,0,61,18,18,50.0,Matches
348,Matt Hedges,us USA,DF,Austin,32,1990,3.4,0,0,0,1,1,0,0,3,1,0,0,0,18,11,8,57.9,Matches
349,Chris Hegardt,us USA,"FW,MF",Charlotte,21,2002,0.6,1,0,0,3,1,0,6,0,1,0,0,0,2,1,0,100.0,Matches
350,Fabian Herbers,de GER,"MF,FW",Chicago Fire,29,1993,21.9,8,1,1,24,40,5,37,18,31,0,1,0,147,13,38,25.5,Matches
Rk,Player,Nation,Pos,Squad,Age,Born,90s,CrdY,CrdR,2CrdY,Fls,Fld,Off,Crs,Int,TklW,PKwon,PKcon,OG,Recov,Won,Lost,Won%,Matches
351,Felipe Hernandez,us USA,MF,Sporting KC,24,1998,3.6,0,0,0,5,5,1,12,4,6,0,0,0,21,1,2,33.3,Matches
352,Javier Hernández,mx MEX,FW,LA Galaxy,34,1988,7.6,5,1,1,8,15,11,4,4,1,0,0,0,7,5,6,45.5,Matches
353,Ronald Hernández,ve VEN,DF,Atlanta Utd,25,1997,7.8,1,0,0,11,6,1,6,9,8,0,0,0,42,2,2,50.0,Matches
354,Aaron Herrera,gt GUA,"DF,MF",CF Montréal,25,1997,15.6,3,0,0,23,6,0,65,14,21,0,0,0,93,13,10,56.5,Matches
355,Héctor Herrera,mx MEX,MF,Dynamo FC,32,1990,28.1,10,2,2,40,52,2,161,19,37,1,0,0,193,26,37,41.3,Matches
356,Kyle Hiebert,ca CAN,DF,St. Louis,25,1997,23.6,6,1,1,16,15,3,9,29,24,0,3,0,148,56,41,57.7,Matches
357,Brendan Hines-Ike,us USA,DF,D.C. United,28,1994,10.4,3,0,0,12,6,2,3,11,9,0,0,1,47,13,6,68.4,Matches
358,Bongokuhle Hlongwane,za RSA,FW,Minnesota Utd,22,2000,27.6,2,0,0,25,59,24,31,26,35,0,0,0,159,43,48,47.3,Matches
359,Junior Hoilett,ca CAN,"FW,MF",Vancouver,32,1990,2.6,0,0,0,4,4,0,14,3,2,0,0,0,15,2,7,22.2,Matches
360,Ryan Hollingshead,us USA,DF,Los Angeles FC,31,1991,26.1,5,0,0,36,20,3,6,43,51,0,2,0,195,63,36,63.6,Matches
361,Erik Holt,us USA,DF,Real Salt Lake,26,1996,0.6,0,0,0,1,0,0,0,2,1,0,0,0,3,0,0,,Matches
362,Jackson Hopkins,us USA,MF,D.C. United,18,2004,2.2,0,0,0,3,2,0,3,2,1,0,0,0,14,2,4,33.3,Matches
363,Matthew Hoppe,us USA,"FW,MF",San Jose,21,2001,4.7,0,0,0,5,2,2,13,1,5,0,0,0,28,1,1,50.0,Matches
364,Keegan Hughes,us USA,DF,Columbus Crew,22,2000,0.0,0,0,0,1,0,0,0,0,0,0,0,0,0,0,0,,Matches
365,Erik Hurtado,us USA,"FW,MF",D.C. United,32,1990,3.0,0,0,0,8,1,3,3,0,1,0,0,0,5,6,8,42.9,Matches
366,Franco Ibarra,ar ARG,MF,Toronto FC,21,2001,4.9,1,0,0,8,7,0,0,8,7,0,0,0,25,3,1,75.0,Matches
367,Franco Ibarra,ar ARG,MF,Atlanta Utd,21,2001,14.2,8,1,0,32,39,0,2,14,33,0,0,0,87,20,20,50.0,Matches
368,Sebastien Ibeagha,us USA,DF,FC Dallas,31,1992,26.5,4,0,0,12,16,1,1,28,9,0,0,0,120,56,31,64.4,Matches
369,Aliyu Ibrahim,ng NGA,FW,Dynamo FC,21,2002,13.4,2,0,0,28,8,9,9,1,11,0,0,0,43,17,27,38.6,Matches
370,Sunusi Ibrahim,ng NGA,"FW,MF",CF Montréal,20,2002,13.0,0,0,0,12,20,11,20,2,2,0,0,0,29,24,35,40.7,Matches
371,Tega Ikoba,us USA,FW,Portland Timbers,19,2003,1.0,0,0,0,5,4,2,1,0,1,0,0,0,5,5,7,41.7,Matches
372,Mitja Ilenič,si SVN,DF,NYCFC,18,2004,13.2,5,0,0,15,9,1,43,7,16,0,0,0,49,8,7,53.3,Matches
373,Ilias Iliadis,gr GRE,"DF,MF",CF Montréal,21,2001,2.8,3,1,1,6,2,0,7,5,3,0,0,0,11,2,6,25.0,Matches
374,Marko Ilić,rs SRB,GK,Colorado Rapids,24,1998,13.0,0,0,0,0,0,0,0,0,0,0,0,0,18,1,0,100.0,Matches
375,Asier Illarramendi,es ESP,MF,FC Dallas,32,1990,7.7,4,0,0,10,8,0,1,18,10,0,0,0,72,3,4,42.9,Matches
Rk,Player,Nation,Pos,Squad,Age,Born,90s,CrdY,CrdR,2CrdY,Fls,Fld,Off,Crs,Int,TklW,PKwon,PKcon,OG,Recov,Won,Lost,Won%,Matches
376,Lorenzo Insigne,it ITA,"FW,MF",Toronto FC,31,1991,16.9,2,0,0,4,21,5,34,13,7,0,0,0,108,1,3,25.0,Matches
377,Clint Irwin,us USA,GK,Minnesota Utd,33,1989,4.0,1,0,0,0,2,0,0,0,0,0,0,0,6,4,0,100.0,Matches
378,Aljaž Ivačič,si SVN,GK,Portland Timbers,29,1993,15.0,0,0,0,0,0,0,0,0,0,0,0,0,16,6,0,100.0,Matches
379,Emmanuel Iwe,us USA,FW,Minnesota Utd,22,2000,0.6,0,0,0,0,1,0,2,0,0,0,0,0,2,0,1,0.0,Matches
380,Ousman jabang,us USA,DF,CF Montréal,21,2001,0.9,1,0,0,2,2,0,0,2,0,0,0,0,4,0,0,,Matches
381,Aziel Jackson,fr FRA,"MF,FW",St. Louis,21,2001,12.4,3,0,0,21,29,1,17,5,15,2,0,0,70,6,16,27.3,Matches
382,Jacob Jackson,us USA,GK,New England,22,2000,2.0,0,0,0,0,0,0,0,0,0,0,0,0,2,0,0,,Matches
383,Bertin Jacquesson,fr FRA,"FW,MF",Real Salt Lake,22,2001,4.0,0,0,0,6,1,0,17,0,1,0,0,0,9,5,6,45.5,Matches
384,Eldin Jakupović,ch SUI,GK,Los Angeles FC,38,1984,2.0,0,0,0,0,0,0,0,0,0,0,0,0,0,0,0,,Matches
385,Robin Jansson,se SWE,DF,Orlando City,31,1991,32.0,5,0,0,18,21,0,2,23,12,1,0,1,158,19,16,54.3,Matches
386,Andres Jasson,us USA,FW,NYCFC,21,2002,9.0,3,0,0,11,34,4,23,3,10,0,0,0,57,2,12,14.3,Matches
387,Mohanad Jeahze,iq IRQ,DF,D.C. United,25,1997,4.0,1,0,0,5,2,0,10,4,5,0,0,0,15,2,1,66.7,Matches
388,Corentin Jean,fr FRA,"FW,MF",Inter Miami,27,1995,9.2,2,0,0,9,15,1,25,3,12,0,0,0,45,5,9,35.7,Matches
389,Isak Jensen,dk DEN,"MF,FW",St. Louis,19,2003,1.6,0,0,0,4,5,1,2,1,3,0,0,0,12,2,5,28.6,Matches
390,Hector Jiménez,us USA,MF,Austin,34,1988,0.6,0,0,0,0,1,0,2,1,0,0,0,0,3,1,2,33.3,Matches
391,Jesús Jiménez,es ESP,"FW,MF",FC Dallas,29,1993,7.6,1,0,0,8,5,3,4,2,4,0,0,0,26,7,19,26.9,Matches
392,Stiven Jimenez,us USA,FW,FC Cincinnati,15,2007,0.0,0,0,0,0,0,0,0,0,0,0,0,0,0,0,1,0.0,Matches
393,Levonte Johnson,ca CAN,"FW,DF",Vancouver,23,1999,2.2,0,0,0,0,3,0,7,1,3,0,0,0,12,2,3,40.0,Matches
394,Sean Johnson,us USA,GK,Toronto FC,33,1989,20.0,1,0,0,0,2,0,0,0,0,0,0,0,18,4,0,100.0,Matches
395,DeJuan Jones,us USA,DF,New England,25,1997,24.1,3,0,0,22,23,1,56,31,23,0,0,0,165,11,14,44.0,Matches
396,Derrick Jones,us USA,"MF,DF",Charlotte,25,1997,20.5,11,0,0,27,31,1,2,27,24,0,1,0,144,26,22,54.2,Matches
397,Juan José Sánchez,co COL,DF,Atlanta Utd,25,1998,23.7,4,0,0,32,10,5,0,37,14,0,1,1,121,61,40,60.4,Matches
398,Dejan Joveljić,rs SRB,FW,LA Galaxy,23,1999,18.1,3,0,0,21,20,8,5,3,6,0,0,0,37,28,33,45.9,Matches
399,Kamil Jóźwiak,pl POL,"FW,MF",Charlotte,24,1998,15.3,5,0,0,32,18,2,42,8,25,2,0,0,75,20,23,46.5,Matches
400,Preston Judd,us USA,FW,LA Galaxy,23,1999,7.1,2,0,0,11,11,1,1,1,1,0,0,0,8,8,6,57.1,Matches
Rk,Player,Nation,Pos,Squad,Age,Born,90s,CrdY,CrdR,2CrdY,Fls,Fld,Off,Crs,Int,TklW,PKwon,PKcon,OG,Recov,Won,Lost,Won%,Matches
401,Judson,br BRA,MF,San Jose,29,1993,5.2,6,1,1,12,4,0,0,11,16,0,0,0,30,3,4,42.9,Matches
402,Anderson Julio,ec ECU,FW,Real Salt Lake,26,1996,12.8,3,0,0,15,5,27,6,2,6,0,0,0,36,17,29,37.0,Matches
403,Juninho,br BRA,MF,Orlando City,22,2001,0.0,0,0,0,0,1,0,0,0,0,0,0,0,1,0,0,,Matches
404,Sam Junqua,us USA,"DF,MF",FC Dallas,26,1996,11.4,0,0,0,19,7,1,20,11,12,0,1,1,43,27,24,52.9,Matches
405,Kristijan Kahlina,hr CRO,GK,Charlotte,30,1992,24.0,2,0,0,0,2,0,0,0,1,0,0,1,42,3,0,100.0,Matches
406,Brent Kallman,us USA,"DF,FW",Minnesota Utd,32,1990,2.2,0,0,0,1,3,0,0,0,2,0,0,0,6,8,1,88.9,Matches
407,Kei Kamara,sl SLE,FW,Chicago Fire,38,1984,16.9,3,1,1,16,16,8,21,4,1,0,0,0,35,81,50,61.8,Matches
408,Bernard Kamungo,tz TAN,"FW,MF",FC Dallas,21,2002,5.6,0,0,0,10,8,0,3,3,5,0,0,0,25,6,14,30.0,Matches
409,Alec Kann,us USA,GK,FC Cincinnati,32,1990,1.0,0,0,0,0,0,0,0,0,0,0,0,0,2,0,0,,Matches
410,Ercan Kara,at AUT,FW,Orlando City,27,1996,9.4,1,0,0,19,13,9,0,2,2,0,0,0,13,26,30,46.4,Matches
411,Ibrahim Kasule,ug UGA,MF,NY Red Bulls,18,2004,0.3,0,0,0,0,1,0,0,0,0,0,0,0,1,0,1,0.0,Matches
412,Mark-Anthony Kaye,ca CAN,MF,Toronto FC,28,1994,20.4,4,0,0,33,29,1,5,28,54,0,0,0,163,27,14,65.9,Matches
413,Mark-Anthony Kaye,ca CAN,MF,New England,28,1994,8.7,1,0,0,11,9,2,0,11,16,0,0,0,69,10,5,66.7,Matches
414,Axel Kei,us USA,FW,Real Salt Lake,15,2007,0.1,0,0,0,0,0,1,0,0,0,0,0,0,0,0,1,0.0,Matches
415,Kipp Keller,us USA,DF,Austin,22,2000,4.9,0,0,0,0,3,0,0,0,1,0,0,0,17,8,7,53.3,Matches
416,Deandre Kerr,ca CAN,"FW,MF",Toronto FC,20,2002,13.5,0,0,0,14,28,2,6,4,8,0,0,0,27,21,39,35.0,Matches
417,Henry Kessler,us USA,DF,New England,24,1998,7.7,1,0,0,8,2,1,0,5,13,0,0,0,47,18,13,58.1,Matches
418,Benjamin Kikanovic,us USA,"FW,MF",San Jose,23,2000,7.8,2,0,0,7,18,3,7,8,5,0,0,0,30,25,19,56.8,Matches
419,Gadi Kinda,il ISR,MF,Sporting KC,28,1994,9.3,3,0,0,16,29,1,31,4,11,2,0,0,40,2,5,28.6,Matches
420,Sota Kitahara,us USA,DF,Seattle,20,2003,0.0,0,0,0,0,0,0,0,0,0,0,0,0,0,0,0,,Matches
421,Klauss,br BRA,FW,St. Louis,25,1997,14.6,1,0,0,31,18,4,9,7,7,0,0,0,43,40,36,52.6,Matches
422,John Klein,us USA,MF,St. Louis,23,1999,0.3,0,0,0,1,1,0,0,1,2,0,0,0,2,0,1,0.0,Matches
423,Mateusz Klich,pl POL,"MF,FW",D.C. United,32,1990,30.2,11,1,1,41,30,8,184,14,36,0,0,0,180,5,7,41.7,Matches
424,Jonathan Klinsmann,us USA,GK,LA Galaxy,25,1997,9.2,0,0,0,0,3,0,0,0,0,0,0,0,13,2,0,100.0,Matches
425,Žan Kolmanič,si SVN,DF,Austin,22,2000,4.7,0,0,0,2,5,1,19,6,11,0,0,0,27,2,8,20.0,Matches
Rk,Player,Nation,Pos,Squad,Age,Born,90s,CrdY,CrdR,2CrdY,Fls,Fld,Off,Crs,Int,TklW,PKwon,PKcon,OG,Recov,Won,Lost,Won%,Matches
426,Amet Korca,us USA,DF,FC Dallas,22,2000,1.7,0,0,0,0,0,0,0,4,0,0,0,0,5,0,1,0.0,Matches
427,Georgios Koutsias,gr GRE,"FW,MF",Chicago Fire,18,2004,11.3,4,0,0,16,11,13,2,3,2,0,0,0,36,18,21,46.2,Matches
428,Sebastian Kowalczyk,pl POL,"FW,MF",Dynamo FC,24,1998,3.9,1,0,0,9,9,1,5,2,2,0,1,0,11,0,2,0.0,Matches
429,Filip Krastev,bg BUL,MF,Los Angeles FC,21,2001,1.8,0,0,0,3,3,0,1,1,3,0,0,0,10,3,0,100.0,Matches
430,Damir Kreilach,hr CRO,"FW,MF",Real Salt Lake,33,1989,14.6,3,0,0,12,27,21,6,2,1,0,1,0,32,34,32,51.5,Matches
431,Serhiy Kryvtsov,ua UKR,DF,Inter Miami,31,1991,23.5,5,0,0,20,11,0,2,31,11,0,0,0,103,25,28,47.2,Matches
432,Theodore Ku-Dipietro,us USA,"FW,MF",D.C. United,21,2002,13.0,0,0,0,14,14,1,18,6,12,0,0,0,57,10,11,47.6,Matches
433,Yuya Kubo,jp JPN,"MF,FW",FC Cincinnati,29,1993,11.9,2,0,0,22,22,2,13,10,12,0,0,0,69,8,5,61.5,Matches
434,Jojea Kwizera,cg CGO,DF,CF Montréal,24,1999,1.5,1,0,0,5,2,0,9,1,1,0,0,0,12,0,5,0.0,Matches
435,Mathías Laborda,uy URU,DF,Vancouver,23,1999,17.1,8,1,1,23,7,2,24,23,23,0,0,0,85,41,20,67.2,Matches
436,Kevon Lambert,jm JAM,DF,Real Salt Lake,25,1997,0.3,0,0,0,0,0,0,0,1,0,0,0,0,2,1,0,100.0,Matches
437,Lassi Lappalainen,fi FIN,"DF,FW",CF Montréal,24,1998,11.5,0,0,0,6,8,5,12,8,14,1,0,0,58,7,10,41.2,Matches
438,Jesús David Murillo Largacha,co COL,DF,Los Angeles FC,28,1994,15.8,4,0,0,15,7,0,0,19,15,0,0,0,95,22,22,50.0,Matches
439,Oliver Larraz,us USA,MF,Colorado Rapids,21,2001,0.2,0,0,0,0,0,0,1,0,1,0,0,0,2,0,0,,Matches
440,Richie Laryea,ca CAN,DF,Toronto FC,28,1995,17.9,4,0,0,20,68,6,9,22,19,1,0,0,124,7,4,63.6,Matches
441,Richie Laryea,ca CAN,"FW,DF",Vancouver,28,1995,10.5,2,0,0,4,48,3,10,8,17,3,0,0,54,1,2,33.3,Matches
442,Ariel Lassiter,cr CRC,"FW,MF",Inter Miami,28,1994,1.7,0,0,0,0,3,0,5,1,2,0,0,0,6,0,3,0.0,Matches
443,Ariel Lassiter,cr CRC,"DF,MF",CF Montréal,28,1994,17.7,3,0,0,18,19,8,91,13,7,0,0,0,80,1,5,16.7,Matches
444,Kemar Lawrence,jm JAM,DF,Minnesota Utd,30,1992,12.4,0,0,0,3,6,1,46,16,13,0,0,0,48,18,9,66.7,Matches
445,Randall Leal,cr CRC,"MF,FW",Nashville,26,1997,12.7,3,0,0,17,16,3,48,7,15,0,0,0,66,3,14,17.6,Matches
446,Richy Ledezma,us USA,"MF,FW",NYCFC,22,2000,13.2,3,0,0,12,9,2,20,6,4,0,0,1,52,6,7,46.2,Matches
447,Kelvin Leerdam,sr SUR,DF,LA Galaxy,32,1990,13.4,2,0,0,8,5,0,12,9,6,0,0,0,42,10,7,58.8,Matches
448,Tim Leibold,de GER,DF,Sporting KC,29,1993,9.7,2,0,0,13,3,2,26,17,13,0,0,0,43,10,4,71.4,Matches
449,Brooks Lennon,us USA,DF,Atlanta Utd,25,1997,32.0,3,0,0,27,17,5,203,27,22,0,0,0,155,16,20,44.4,Matches
450,Jonathan Lewis,us USA,"FW,MF",Colorado Rapids,25,1997,13.2,1,0,0,12,20,7,17,4,7,1,0,0,40,8,15,34.8,Matches
Rk,Player,Nation,Pos,Squad,Age,Born,90s,CrdY,CrdR,2CrdY,Fls,Fld,Off,Crs,Int,TklW,PKwon,PKcon,OG,Recov,Won,Lost,Won%,Matches
451,Danny Leyva,us USA,MF,Colorado Rapids,19,2003,7.1,1,0,0,11,24,0,8,11,4,0,1,0,44,9,7,56.3,Matches
452,Danny Leyva,us USA,"MF,FW",Seattle,19,2003,0.2,0,0,0,0,1,0,1,2,0,0,0,0,1,0,0,,Matches
453,Nick Lima,us USA,DF,Austin,28,1994,27.0,6,0,0,14,26,2,87,22,19,0,0,0,141,23,28,45.1,Matches
454,Jaylin Lindsey,us USA,DF,Charlotte,22,2000,14.5,3,0,0,18,7,0,33,15,19,0,1,0,79,22,15,59.5,Matches
455,Sebastian Lletget,us USA,"MF,FW",FC Dallas,30,1992,12.9,2,0,0,8,13,3,27,9,10,0,0,0,45,15,23,39.5,Matches
456,Saba Lobzhanidze,ge GEO,FW,Atlanta Utd,28,1994,5.2,0,0,0,3,2,1,16,2,0,0,0,0,13,0,0,,Matches
457,Robin Lod,fi FIN,"MF,FW",Minnesota Utd,29,1993,10.0,0,0,0,16,8,0,8,6,10,0,0,0,54,12,13,48.0,Matches
458,Nicolás Lodeiro,uy URU,"MF,FW",Seattle,33,1989,27.5,6,0,0,23,64,7,207,16,27,0,0,0,156,13,24,35.1,Matches
459,Jasper Löffelsend,de GER,MF,Real Salt Lake,25,1997,12.6,2,0,0,23,18,1,13,11,24,0,0,0,100,6,9,40.0,Matches
460,Aaron Long,us USA,DF,Los Angeles FC,30,1992,16.9,3,0,0,16,9,3,0,20,20,0,0,0,85,36,19,65.5,Matches
461,Erik López,py PAR,"FW,MF",Atlanta Utd,21,2001,0.3,0,0,0,0,1,0,0,0,0,0,0,0,1,0,0,,Matches
462,Marvin Loría,cr CRC,"FW,MF",Portland Timbers,25,1997,8.4,3,0,0,8,8,2,26,13,5,0,0,0,33,4,12,25.0,Matches
463,Daniel Lovitz,us USA,DF,Nashville,31,1991,31.6,8,2,2,41,16,3,128,28,33,0,2,0,147,33,17,66.0,Matches
464,Damion Lowe,jm JAM,DF,Philadelphia,29,1993,13.7,5,0,0,27,18,1,3,35,19,0,2,0,110,35,22,61.4,Matches
465,Eduard Löwen,de GER,MF,St. Louis,26,1997,25.6,3,0,0,42,32,2,148,16,42,0,0,0,209,26,26,50.0,Matches
466,Favian Loyola,us USA,MF,Orlando City,17,2005,0.0,0,0,0,1,0,0,0,0,0,0,0,0,0,0,0,,Matches
467,Diego Luna,us USA,"MF,FW",Real Salt Lake,19,2003,13.3,1,0,0,10,10,3,18,15,8,0,0,0,70,2,9,18.2,Matches
468,Adam Lundqvist,se SWE,"DF,MF",Austin,28,1994,9.6,2,0,0,7,10,1,38,12,15,0,1,0,52,11,12,47.8,Matches
469,Benjamin Lundt,de GER,GK,St. Louis,27,1995,1.0,0,0,0,0,0,0,0,0,0,0,0,0,1,1,0,100.0,Matches
470,Luquinhas,br BRA,"MF,FW",NY Red Bulls,26,1996,22.2,0,0,0,14,73,0,5,14,15,1,0,0,133,6,18,25.0,Matches
471,Jack Lynn,us USA,"MF,FW",Orlando City,23,2000,0.4,0,0,0,1,2,1,0,1,0,0,0,0,4,3,2,60.0,Matches
472,Larrys Mabiala,cd COD,DF,Portland Timbers,35,1987,9.8,3,0,0,12,7,1,0,11,8,0,0,1,47,19,14,57.6,Matches
473,Aimé Mabika,zm ZAM,DF,Toronto FC,24,1998,16.8,2,0,0,10,11,0,0,11,19,0,0,1,89,42,10,80.8,Matches
474,Zac MacMath,us USA,GK,Real Salt Lake,31,1991,27.5,2,0,0,0,5,0,0,1,0,0,0,0,65,8,1,88.9,Matches
475,Lukas MacNaughton,ca CAN,DF,Toronto FC,27,1995,2.0,0,0,0,1,1,0,0,2,1,0,0,1,11,2,0,100.0,Matches
Rk,Player,Nation,Pos,Squad,Age,Born,90s,CrdY,CrdR,2CrdY,Fls,Fld,Off,Crs,Int,TklW,PKwon,PKcon,OG,Recov,Won,Lost,Won%,Matches
476,Lukas MacNaughton,ca CAN,DF,Nashville,27,1995,11.9,0,0,0,8,13,1,2,30,8,1,0,0,56,18,25,41.9,Matches
477,Talles Magno,br BRA,FW,NYCFC,20,2002,21.2,1,0,0,19,49,16,7,5,16,0,0,0,76,25,32,43.9,Matches
478,Jack Maher,us USA,DF,Nashville,23,1999,32.0,3,0,0,20,8,0,2,23,22,0,0,1,134,78,33,70.3,Matches
479,Cassius Mailula,za RSA,"FW,MF",Toronto FC,21,2001,0.8,0,0,0,2,1,0,0,1,0,0,0,0,2,0,0,,Matches
480,Christian Makoun,ve VEN,"DF,MF",New England,22,2000,5.4,0,0,0,9,1,0,5,6,6,0,0,0,28,4,6,40.0,Matches
481,Adilson Malanda,fr FRA,DF,Charlotte,21,2001,28.5,5,0,0,35,15,1,4,32,24,0,1,0,210,96,55,63.6,Matches
482,Denil Maldonado,hn HON,DF,Los Angeles FC,24,1998,18.6,5,0,0,21,10,0,4,23,14,0,2,0,108,49,25,66.2,Matches
483,Machop Malual,ss SSD,"FW,MF",Atlanta Utd,24,1998,5.2,2,0,0,7,8,3,4,3,4,0,1,0,10,9,18,33.3,Matches
484,Elias Manoel,br BRA,FW,NY Red Bulls,21,2001,18.4,2,0,0,21,6,7,10,4,5,0,0,0,43,22,53,29.3,Matches
485,J.T. Marcinkowski,us USA,GK,San Jose,25,1997,12.4,1,0,0,0,1,0,0,0,0,0,0,0,7,1,0,100.0,Matches
486,Paul Marie,fr FRA,DF,San Jose,27,1995,22.3,8,0,0,26,30,2,29,26,37,0,1,0,133,16,24,40.0,Matches
487,Anthony Markanich,us USA,DF,Colorado Rapids,23,1999,3.8,0,0,0,3,6,0,6,5,7,0,0,0,21,17,2,89.5,Matches
488,Anthony Markanich,us USA,DF,St. Louis,23,1999,7.3,4,0,0,10,5,0,18,14,10,0,1,0,38,16,6,72.7,Matches
489,George Marks,us USA,GK,Charlotte,23,1999,7.0,1,0,0,0,1,0,0,0,1,0,0,0,6,1,0,100.0,Matches
490,Mikael Marques,se SWE,MF,Minnesota Utd,21,2001,0.1,0,0,0,0,0,0,0,0,0,0,0,0,0,0,0,,Matches
491,Jahkeele Marshall-Rutty,ca CAN,"MF,DF",Toronto FC,18,2004,12.8,3,1,1,8,15,1,38,6,15,0,0,0,50,3,9,25.0,Matches
492,Alonso Martínez,cr CRC,"FW,DF",NYCFC,24,1998,0.4,0,0,0,0,1,0,0,0,1,0,0,0,4,0,1,0.0,Matches
493,José Martínez,es ESP,DF,FC Dallas,29,1993,15.9,1,0,0,7,2,1,1,16,12,0,0,0,77,19,19,50.0,Matches
494,Josef Martínez,ve VEN,FW,Inter Miami,29,1993,19.3,1,0,0,12,26,12,1,1,3,0,0,0,28,13,25,34.2,Matches
495,Luís Martins,pt POR,DF,Vancouver,30,1992,18.0,2,0,0,13,11,1,78,25,23,0,0,0,88,27,12,69.2,Matches
496,Thiago Martins,br BRA,DF,NYCFC,27,1995,24.3,1,0,0,19,4,0,0,12,20,0,1,0,152,62,38,62.0,Matches
497,Alexandru Mățan,ro ROU,"MF,FW",Columbus Crew,23,1999,25.2,2,0,0,23,44,2,53,12,11,1,0,0,86,1,3,25.0,Matches
498,Jimmy Maurer,us USA,GK,FC Dallas,34,1988,4.8,0,0,0,0,0,0,0,0,0,0,0,0,11,0,0,,Matches
499,Chris Mavinga,cd COD,DF,LA Galaxy,31,1991,12.5,3,1,1,9,4,0,0,10,4,0,1,0,64,14,7,66.7,Matches
500,Max,br BRA,"MF,FW",Colorado Rapids,21,2001,7.4,3,0,0,10,5,2,6,7,11,0,0,0,37,8,14,36.4,Matches
Rk,Player,Nation,Pos,Squad,Age,Born,90s,CrdY,CrdR,2CrdY,Fls,Fld,Off,Crs,Int,TklW,PKwon,PKcon,OG,Recov,Won,Lost,Won%,Matches
501,Andreas Maxsø,dk DEN,DF,Colorado Rapids,28,1994,32.5,2,0,0,17,14,1,1,17,5,0,0,0,147,67,38,63.8,Matches
502,Olivier Mbaizo,cm CMR,DF,Philadelphia,25,1997,20.4,3,0,0,18,17,1,67,23,15,1,0,1,126,15,13,53.6,Matches
503,Hugo-Hilaire Mbongue Mbongue,ca CAN,"FW,MF",Toronto FC,18,2004,2.9,1,0,0,6,0,1,1,0,0,0,0,0,6,13,14,48.1,Matches
504,John McCarthy,us USA,GK,Los Angeles FC,30,1992,25.0,0,0,0,0,3,0,0,1,2,0,0,0,22,1,0,100.0,Matches
505,Dax McCarty,us USA,MF,Nashville,35,1987,21.0,7,0,0,22,19,1,5,20,28,1,1,0,154,14,14,50.0,Matches
506,Jack McGlynn,us USA,MF,Philadelphia,19,2003,18.0,1,0,0,9,9,0,29,13,13,0,0,0,115,4,14,22.2,Matches
507,Zac McGraw,ca CAN,DF,Portland Timbers,25,1997,26.9,8,0,0,26,19,0,1,42,20,0,0,1,123,89,51,63.6,Matches
508,Duncan McGuire,us USA,FW,Orlando City,21,2001,15.4,2,0,0,21,16,10,2,2,3,0,0,0,22,27,51,34.6,Matches
509,Kendall McIntosh,us USA,GK,Sporting KC,29,1994,13.2,1,0,0,0,0,0,0,0,0,0,0,0,12,1,0,100.0,Matches
510,Thomas McNamara,us USA,"MF,FW",New England,31,1991,2.1,1,0,0,3,1,0,1,2,1,0,0,0,11,1,3,25.0,Matches
511,Christopher McVey,se SWE,DF,Inter Miami,25,1997,13.5,3,0,0,16,7,1,0,23,9,0,0,1,102,8,17,32.0,Matches
512,Jimmy Medranda,co COL,"MF,DF",Columbus Crew,28,1994,1.2,1,0,0,2,1,0,7,4,3,0,0,0,7,2,1,66.7,Matches
513,Tim Melia,us USA,GK,Sporting KC,36,1986,15.8,2,0,0,2,2,0,0,0,0,0,2,0,21,1,0,100.0,Matches
514,Vinicius Mello,br BRA,FW,Charlotte,20,2002,0.6,0,0,0,1,2,0,1,0,0,0,0,0,3,1,2,33.3,Matches
515,Jonathan Mensah,gh GHA,DF,San Jose,32,1990,21.7,3,0,0,14,3,1,0,20,6,0,1,0,117,59,28,67.8,Matches
516,Justin Meram,iq IRQ,"FW,MF",Charlotte,34,1988,14.8,3,0,0,13,14,2,70,7,10,0,0,0,69,9,19,32.1,Matches
517,Justin Meram,iq IRQ,"FW,MF",Real Salt Lake,34,1988,2.0,1,0,0,3,4,0,10,4,9,0,0,0,13,5,3,62.5,Matches
518,Lionel Messi,ar ARG,"FW,MF",Inter Miami,35,1987,4.1,0,0,0,3,13,1,8,1,1,0,0,0,7,1,2,33.3,Matches
519,Matt Miazga,us USA,DF,FC Cincinnati,27,1995,26.5,9,0,0,19,22,1,1,36,17,0,1,0,114,79,28,73.8,Matches
520,Micael,br BRA,DF,Dynamo FC,22,2000,21.9,8,1,1,27,17,1,2,28,25,0,0,0,98,51,31,62.2,Matches
521,Novak Mićović,rs SRB,GK,LA Galaxy,21,2001,2.0,0,0,0,0,0,0,0,0,0,0,0,0,4,0,0,,Matches
522,Matko Miljevic,us USA,"MF,FW",CF Montréal,21,2001,1.5,2,0,0,4,3,0,15,1,1,0,0,0,18,1,4,20.0,Matches
523,Eric Miller,us USA,DF,Portland Timbers,30,1993,13.4,1,0,0,9,11,0,10,7,12,0,0,0,59,14,11,56.0,Matches
524,Kamal Miller,ca CAN,DF,Inter Miami,25,1997,20.5,3,1,0,10,13,0,4,25,22,0,0,1,137,16,21,43.2,Matches
525,Kamal Miller,ca CAN,DF,CF Montréal,25,1997,5.3,1,0,0,2,3,1,1,6,2,0,0,0,37,6,2,75.0,Matches
Rk,Player,Nation,Pos,Squad,Age,Born,90s,CrdY,CrdR,2CrdY,Fls,Fld,Off,Crs,Int,TklW,PKwon,PKcon,OG,Recov,Won,Lost,Won%,Matches
526,Tyler Miller,us USA,GK,D.C. United,29,1993,24.5,1,0,0,1,8,0,0,2,0,0,1,0,55,5,0,100.0,Matches
527,Kevin Molino,tt TRI,"MF,FW",Columbus Crew,32,1990,0.7,0,0,0,2,3,0,5,0,3,0,0,0,5,0,0,,Matches
528,Alex Monis,us USA,FW,Chicago Fire,19,2003,0.1,0,0,0,0,0,0,2,1,1,0,0,0,1,0,0,,Matches
529,Jamiro Monteiro,cv CPV,MF,San Jose,29,1993,23.6,4,1,0,23,61,10,18,15,24,0,0,0,144,3,16,15.8,Matches
530,Fredy Montero,co COL,"FW,MF",Seattle,35,1987,4.8,0,0,0,10,10,3,15,0,6,1,0,0,16,8,8,50.0,Matches
531,Shaquell Moore,us USA,DF,Nashville,26,1996,30.8,4,1,0,36,28,5,90,25,50,0,0,0,151,24,22,52.2,Matches
532,Felipe Mora,cl CHI,FW,Portland Timbers,29,1993,9.1,1,0,0,5,23,2,4,0,2,0,0,0,10,14,26,35.0,Matches
533,Joseph Mora,cr CRC,DF,Charlotte,30,1993,2.1,0,0,0,3,3,0,9,4,3,0,0,0,8,5,4,55.6,Matches
534,Alfredo Morales,us USA,MF,NYCFC,32,1990,12.9,3,0,0,16,16,0,5,11,9,0,0,0,66,19,13,59.4,Matches
535,Maximiliano Moralez,ar ARG,"MF,FW",NYCFC,35,1987,3.5,0,0,0,3,8,1,12,3,3,0,0,0,12,5,0,100.0,Matches
536,Steven Moreira,cv CPV,DF,Columbus Crew,28,1994,32.5,3,0,0,18,10,0,24,21,20,0,0,0,211,13,26,33.3,Matches
537,Junior Moreno,ve VEN,MF,FC Cincinnati,29,1993,25.0,0,0,0,24,29,0,4,22,19,0,0,0,175,7,2,77.8,Matches
538,Santiago Moreno,co COL,"FW,MF",Portland Timbers,22,2000,25.9,4,0,0,37,30,0,51,23,24,0,1,0,166,25,38,39.7,Matches
539,Lewis Morgan,sct SCO,"MF,FW",NY Red Bulls,26,1996,3.3,0,0,0,1,3,0,5,1,1,0,0,0,26,4,6,40.0,Matches
540,Aidan Morris,us USA,MF,Columbus Crew,21,2001,28.7,5,0,0,50,37,2,11,44,58,0,0,0,205,10,17,37.0,Matches
541,Jordan Morris,us USA,FW,Seattle,28,1994,22.0,0,0,0,16,16,7,27,3,9,0,0,0,68,45,50,47.4,Matches
542,Edwin Mosquera,co COL,"FW,MF",Atlanta Utd,21,2001,4.9,4,0,0,11,14,2,18,4,6,0,0,0,17,2,4,33.3,Matches
543,Yerson Mosquera,co COL,DF,FC Cincinnati,21,2001,25.0,8,1,1,40,48,0,1,47,37,1,1,0,179,85,44,65.9,Matches
544,Jean Mota,br BRA,MF,Inter Miami,29,1993,10.1,1,0,0,14,19,0,47,11,22,0,0,0,66,6,9,40.0,Matches
545,Chris Mueller,us USA,"FW,MF",Chicago Fire,26,1996,7.9,1,0,0,10,9,1,10,3,7,1,0,0,46,12,13,48.0,Matches
546,Hany Mukhtar,de GER,"FW,MF",Nashville,27,1995,31.5,6,0,0,21,64,25,150,6,10,0,0,0,104,11,31,26.2,Matches
547,José Mulato,co COL,"FW,MF",FC Dallas,20,2003,1.2,1,0,0,2,1,0,0,0,2,0,0,0,4,5,5,50.0,Matches
548,O'Vonte Mullings,ca CAN,"MF,DF",NY Red Bulls,22,2000,0.5,0,0,0,0,1,0,1,2,1,0,0,0,3,1,0,100.0,Matches
549,Daniel Munie,us USA,DF,San Jose,22,2000,1.2,1,0,0,2,1,0,0,1,0,0,0,0,5,5,6,45.5,Matches
550,Ian Murphy,us USA,DF,FC Cincinnati,23,2000,16.9,5,2,2,24,3,0,1,10,20,0,0,0,93,17,20,45.9,Matches
Rk,Player,Nation,Pos,Squad,Age,Born,90s,CrdY,CrdR,2CrdY,Fls,Fld,Off,Crs,Int,TklW,PKwon,PKcon,OG,Recov,Won,Lost,Won%,Matches
551,Daniel Musovski,us USA,FW,Real Salt Lake,27,1995,13.4,2,0,0,25,17,7,4,1,11,0,0,0,21,34,32,51.5,Matches
552,Alex Muyl,us USA,"MF,DF",Nashville,27,1995,22.7,4,0,0,34,39,6,26,22,19,0,1,0,136,20,18,52.6,Matches
553,Tristan Muyumba,,MF,Atlanta Utd,25,1997,9.1,3,0,0,14,8,0,1,4,15,0,0,0,51,2,1,66.7,Matches
554,Darlington Nagbe,us USA,MF,Columbus Crew,32,1990,31.0,5,0,0,28,56,1,2,21,15,0,0,0,169,28,14,66.7,Matches
555,Andy Najar,hn HON,DF,D.C. United,29,1993,12.3,3,0,0,16,18,2,20,17,20,0,0,0,86,13,10,56.5,Matches
556,Federico Navarro,ar ARG,MF,Chicago Fire,22,2000,12.2,3,1,1,28,8,1,0,17,24,0,1,0,85,4,6,40.0,Matches
557,Miguel Navarro,ve VEN,DF,Chicago Fire,23,1999,21.9,6,0,0,30,58,0,53,45,30,0,3,0,123,30,21,58.8,Matches
558,Rafael Navarro,br BRA,FW,Colorado Rapids,22,2000,9.8,2,0,0,17,19,9,0,5,6,0,0,0,24,16,26,38.1,Matches
559,Hassan Ndam,cm CMR,DF,NY Red Bulls,24,1998,7.8,5,1,1,7,4,0,0,15,11,0,0,0,66,18,16,52.9,Matches
560,Logan Ndenbe,be BEL,DF,Sporting KC,22,2000,17.1,2,0,0,18,18,5,47,24,15,1,2,0,104,5,12,29.4,Matches
561,Jalen Neal,us USA,DF,LA Galaxy,19,2003,14.3,3,0,0,10,6,0,0,22,10,0,0,0,78,14,12,53.8,Matches
562,Dylan Nealis,us USA,DF,NY Red Bulls,24,1998,11.5,1,0,0,20,25,0,7,16,19,0,1,0,75,44,25,63.8,Matches
563,Sean Nealis,us USA,DF,NY Red Bulls,26,1997,30.2,10,1,1,33,11,1,1,30,28,0,2,0,182,140,99,58.6,Matches
564,Franco Negri,ar ARG,DF,Inter Miami,27,1995,14.8,3,1,0,15,11,2,49,26,21,0,0,0,109,16,15,51.6,Matches
565,John Nelson,us USA,DF,St. Louis,24,1998,14.1,2,1,1,8,3,0,32,16,20,0,1,0,73,24,38,38.7,Matches
566,Jake Nerwinski,us USA,DF,St. Louis,28,1994,24.6,5,1,0,36,15,0,58,38,22,0,0,1,145,34,23,59.6,Matches
567,Harvey Neville,eng ENG,"DF,MF",Inter Miami,20,2002,2.2,1,0,0,4,0,1,6,4,4,0,0,0,11,0,3,0.0,Matches
568,Jean-Claude Ngando,cm CMR,"MF,FW",Vancouver,23,1999,0.9,0,0,0,2,0,0,2,1,4,0,0,0,17,2,0,100.0,Matches
569,Sam Nicholson,sct SCO,"MF,DF",Colorado Rapids,28,1995,16.6,6,0,0,26,22,3,31,13,9,0,0,0,55,20,26,43.5,Matches
570,Jarosław Niezgoda,pl POL,FW,Portland Timbers,27,1995,7.3,0,0,0,4,4,5,3,2,3,0,0,0,10,17,16,51.5,Matches
571,Joakim Nilsson,se SWE,DF,St. Louis,28,1994,6.6,1,0,0,7,8,0,0,12,9,0,0,0,33,9,3,75.0,Matches
572,Matt Nocita,us USA,DF,NY Red Bulls,22,2000,0.3,0,0,0,1,0,0,1,2,2,0,0,0,4,1,1,50.0,Matches
573,Nolan Norris,us USA,MF,FC Dallas,17,2005,1.5,1,0,0,3,0,0,0,0,2,0,0,1,3,2,2,50.0,Matches
574,Tsiki Ntsabeleng,za RSA,"MF,FW",FC Dallas,24,1998,3.9,3,0,0,8,10,1,6,3,2,0,1,0,22,6,5,54.5,Matches
575,Obinna Nwobodo,ng NGA,MF,FC Cincinnati,26,1996,28.7,10,0,0,41,24,0,9,55,62,0,0,0,241,16,14,53.3,Matches
Rk,Player,Nation,Pos,Squad,Age,Born,90s,CrdY,CrdR,2CrdY,Fls,Fld,Off,Crs,Int,TklW,PKwon,PKcon,OG,Recov,Won,Lost,Won%,Matches
576,Moses Nyeman,us USA,MF,Real Salt Lake,19,2003,0.3,0,0,0,0,0,0,1,0,0,0,0,0,0,0,0,,Matches
577,Lewis O'Brien,eng ENG,MF,D.C. United,24,1998,16.8,5,0,0,27,31,0,39,17,21,0,0,0,132,12,4,75.0,Matches
578,Shane O'Neill,us USA,DF,Toronto FC,29,1993,10.4,2,0,0,9,9,0,1,16,13,0,1,0,59,21,5,80.8,Matches
579,Kevin O'Toole,us USA,"DF,MF",NYCFC,24,1998,13.3,3,0,0,9,11,2,35,14,14,0,0,0,75,6,30,16.7,Matches
580,Jáder Obrian,co COL,"FW,MF",FC Dallas,27,1995,21.0,7,0,0,37,48,17,16,13,10,1,0,0,95,17,46,27.0,Matches
581,Chinonso Offor,ng NGA,FW,CF Montréal,22,2000,16.8,3,0,0,40,28,11,6,2,6,0,0,0,46,69,66,51.1,Matches
582,Braian Ojeda,py PAR,MF,Real Salt Lake,22,2000,24.0,7,0,0,53,51,0,17,41,32,0,0,0,171,20,18,52.6,Matches
583,Martín Ojeda,ar ARG,"FW,MF",Orlando City,24,1998,19.5,0,0,0,12,10,3,91,13,17,0,0,0,82,7,16,30.4,Matches
584,Cristian Olivera,uy URU,FW,Los Angeles FC,20,2002,6.7,1,0,0,7,8,2,25,2,8,1,0,0,32,0,5,0.0,Matches
585,Tani Oluwaseyi,us USA,FW,Minnesota Utd,22,2000,0.1,0,0,0,0,0,0,0,0,1,0,0,0,0,0,3,0.0,Matches
586,Wyatt Omsberg,us USA,DF,Chicago Fire,27,1995,7.9,2,0,0,6,4,0,0,14,2,0,0,0,37,16,16,50.0,Matches
587,Kwadwo Opoku,gh GHA,FW,Los Angeles FC,21,2001,13.1,1,1,0,12,28,8,6,2,8,1,0,0,50,6,23,20.7,Matches
588,Kwadwo Opoku,gh GHA,FW,CF Montréal,21,2001,10.3,0,0,0,15,19,1,6,5,3,0,0,0,33,3,15,16.7,Matches
589,Nathan Ordaz,us USA,FW,Los Angeles FC,19,2004,2.9,0,0,0,6,3,1,3,0,1,0,0,0,9,5,10,33.3,Matches
590,Arquimides Ordonez,gt GUA,FW,FC Cincinnati,19,2003,3.1,1,0,0,6,9,3,0,0,5,0,0,0,9,1,8,11.1,Matches
591,Prince Osei Owusu,de GER,FW,Toronto FC,26,1997,2.9,1,0,0,12,2,6,1,1,2,0,0,0,4,6,4,60.0,Matches
592,Jonathan Osorio,ca CAN,"MF,FW",Toronto FC,30,1992,20.8,1,0,0,15,34,2,4,16,16,0,0,0,114,4,6,40.0,Matches
593,Tomáš Ostrák,cz CZE,"MF,FW",St. Louis,22,2000,12.8,7,0,0,22,12,0,9,2,17,0,0,0,70,9,21,30.0,Matches
594,Bryan Oviedo,cr CRC,DF,Real Salt Lake,32,1990,19.9,3,0,0,19,26,0,70,24,27,0,0,0,99,10,9,52.6,Matches
595,Devin Padelford,us USA,DF,Minnesota Utd,20,2003,1.7,0,0,0,0,1,0,10,1,2,0,0,0,12,10,2,83.3,Matches
596,Maarten Paes,nl NED,GK,FC Dallas,24,1998,29.1,1,1,0,2,3,0,0,0,1,0,1,0,32,4,1,80.0,Matches
597,Nelson Palacio,co COL,MF,Real Salt Lake,21,2001,9.6,3,0,0,16,9,0,1,10,10,0,0,0,56,4,4,50.0,Matches
598,Diego Palacios,ec ECU,DF,Los Angeles FC,23,1999,27.0,10,0,0,45,25,3,60,55,47,0,1,0,210,22,17,56.4,Matches
599,Sergi Palencia,es ESP,DF,Los Angeles FC,26,1996,14.0,4,0,0,22,14,0,32,22,30,0,0,0,83,17,18,48.6,Matches
600,Victor Pálsson,is ISL,"DF,MF",D.C. United,31,1991,17.5,2,0,0,16,4,0,20,25,16,0,0,0,95,48,20,70.6,Matches
Rk,Player,Nation,Pos,Squad,Age,Born,90s,CrdY,CrdR,2CrdY,Fls,Fld,Off,Crs,Int,TklW,PKwon,PKcon,OG,Recov,Won,Lost,Won%,Matches
601,Jack Panayotou,us USA,"MF,DF",New England,18,2004,3.6,1,0,0,10,4,1,8,2,6,0,0,0,11,1,4,20.0,Matches
602,Elliot Panicco,us USA,GK,Nashville,26,1996,2.0,0,0,0,0,0,0,0,0,0,0,0,0,1,0,0,,Matches
603,James Pantemis,ca CAN,GK,CF Montréal,25,1997,1.9,0,0,0,0,0,0,0,0,0,0,0,0,6,1,0,100.0,Matches
604,Cristhian Paredes,py PAR,MF,Portland Timbers,24,1998,21.2,5,0,0,41,23,2,9,18,38,0,0,0,124,23,31,42.6,Matches
605,Isaiah Parente,us USA,"MF,FW",Columbus Crew,22,2000,0.5,0,0,0,2,2,0,1,1,2,0,0,0,3,1,3,25.0,Matches
606,Tim Parker,us USA,DF,St. Louis,29,1993,28.5,10,0,0,30,10,1,1,45,20,0,0,1,167,69,27,71.9,Matches
607,Keaton Parks,us USA,MF,NYCFC,25,1997,27.9,5,0,0,42,23,3,9,22,27,0,0,0,167,36,29,55.4,Matches
608,Ilijah Paul,us USA,"FW,MF",Real Salt Lake,20,2002,1.2,1,0,0,1,1,1,0,0,1,0,0,0,4,4,2,66.7,Matches
609,João Paulo Mior,br BRA,MF,Seattle,31,1991,27.3,8,1,1,47,57,0,84,48,39,0,0,0,236,15,21,41.7,Matches
610,Adam Pearlman,us USA,DF,Toronto FC,17,2005,0.1,0,0,0,0,0,0,1,0,0,0,0,0,1,1,0,100.0,Matches
611,Matías Pellegrini,ar ARG,"FW,MF",NYCFC,22,2000,12.8,8,0,0,22,21,4,38,7,15,0,0,0,58,13,17,43.3,Matches
612,Andrés Perea,us USA,MF,Philadelphia,22,2000,1.7,0,0,0,1,4,0,0,2,2,0,0,0,9,4,5,44.4,Matches
613,Andrés Perea,us USA,MF,NYCFC,22,2000,8.6,5,0,0,15,13,0,5,8,12,0,0,0,46,11,8,57.9,Matches
614,Daniel Pereira,ve VEN,MF,Austin,22,2000,28.1,9,1,1,46,64,0,28,32,23,0,0,0,195,6,9,40.0,Matches
615,Gabriel Pereira,br BRA,"FW,MF",NYCFC,21,2001,17.1,2,0,0,9,30,6,68,9,11,0,0,0,68,9,19,32.1,Matches
616,Mauricio Pereyra,uy URU,MF,Orlando City,32,1990,23.5,3,0,0,30,41,1,68,11,28,0,0,0,102,7,22,24.1,Matches
617,Jonathan Perez,mx MEX,"DF,MF",LA Galaxy,20,2003,1.3,1,0,0,2,4,0,12,2,1,0,0,0,5,0,0,,Matches
618,Miguel Perez,us USA,MF,St. Louis,17,2005,6.8,2,0,0,14,6,0,2,10,12,0,0,0,50,13,14,48.1,Matches
619,Jordan Perruzza,ca CAN,"FW,MF",Toronto FC,22,2001,1.4,0,0,0,2,0,1,0,0,0,0,0,0,4,1,1,50.0,Matches
620,Luca Petrasso,ca CAN,"DF,FW",Orlando City,22,2000,4.8,0,0,0,4,1,0,8,3,5,0,0,0,18,3,7,30.0,Matches
621,Raoul Petretta,it ITA,DF,Toronto FC,25,1997,19.4,5,1,0,21,21,0,29,25,37,0,1,0,85,19,21,47.5,Matches
622,Đorđe Petrović,rs SRB,GK,New England,23,1999,22.0,0,0,0,0,2,0,0,1,0,0,0,0,21,3,1,75.0,Matches
623,Fafà Picault,ht HAI,"FW,MF",Nashville,31,1991,18.0,5,1,1,19,36,11,31,15,16,0,0,0,94,35,51,40.7,Matches
624,Selmir Pidro,ba BIH,DF,St. Louis,24,1998,0.5,0,0,0,2,0,0,0,0,1,0,0,0,6,1,0,100.0,Matches
625,Kayden Pierre,us USA,DF,Sporting KC,19,2003,0.1,0,0,0,0,2,0,0,0,0,0,0,0,0,0,0,,Matches
Rk,Player,Nation,Pos,Squad,Age,Born,90s,CrdY,CrdR,2CrdY,Fls,Fld,Off,Crs,Int,TklW,PKwon,PKcon,OG,Recov,Won,Lost,Won%,Matches
626,Samuel Piette,ca CAN,MF,CF Montréal,28,1994,12.1,3,0,0,14,11,0,1,11,18,0,0,0,98,7,16,30.4,Matches
627,Mauricio Pineda,us USA,"DF,MF",Chicago Fire,25,1997,17.4,7,0,0,13,16,0,2,27,19,0,0,0,115,21,25,45.7,Matches
628,Donovan Pines,us USA,DF,D.C. United,24,1998,20.5,5,0,0,18,18,1,1,45,27,0,0,0,112,46,21,68.7,Matches
629,Malik Pinto,us USA,MF,FC Cincinnati,20,2002,4.4,3,0,0,11,6,0,0,1,4,0,0,0,21,5,7,41.7,Matches
630,Gabriel Pirani,br BRA,MF,D.C. United,20,2002,9.2,0,0,0,9,16,1,9,2,8,0,0,0,38,2,4,33.3,Matches
631,Rodolfo Pizarro,mx MEX,"MF,FW",Inter Miami,28,1994,10.3,1,0,0,8,21,1,19,4,7,0,0,0,51,1,11,8.3,Matches
632,Matt Polster,us USA,"MF,DF",New England,29,1993,30.4,9,0,0,49,19,2,7,45,30,1,0,0,230,32,18,64.0,Matches
633,Célio Pompeu,br BRA,"FW,MF",St. Louis,23,1999,10.8,2,0,0,27,14,2,42,7,26,0,0,0,59,6,12,33.3,Matches
634,Paxton Pomykal,us USA,MF,FC Dallas,23,1999,17.8,5,0,0,30,43,0,24,28,27,0,0,0,93,14,18,43.8,Matches
635,Alvas Powell,jm JAM,DF,FC Cincinnati,28,1994,10.6,2,1,1,13,19,0,15,12,14,0,0,0,66,15,9,62.5,Matches
636,Jack Price,eng ENG,MF,Colorado Rapids,30,1992,0.4,1,0,0,1,0,0,5,1,1,0,0,0,1,0,0,,Matches
637,Ralph Priso-Mbongue,ca CAN,MF,Colorado Rapids,20,2002,11.5,8,0,0,31,8,0,3,9,14,0,1,0,65,4,13,23.5,Matches
638,Andrew Privett,us USA,DF,Charlotte,22,2000,11.6,0,0,0,7,4,1,3,11,11,0,0,0,67,8,20,28.6,Matches
639,Kacper Przybyłko,pl POL,FW,Chicago Fire,29,1993,10.8,2,0,0,7,17,12,9,3,3,0,0,0,23,39,50,43.8,Matches
640,Riqui Puig,es ESP,"MF,FW",LA Galaxy,23,1999,28.1,8,0,0,14,69,2,38,12,13,1,0,0,127,1,4,20.0,Matches
641,Teemu Pukki,fi FIN,FW,Minnesota Utd,32,1990,11.5,0,0,0,6,3,3,8,1,0,0,0,0,18,2,5,28.6,Matches
642,Alan Pulido,mx MEX,FW,Sporting KC,31,1991,24.5,2,0,0,7,30,9,9,4,7,0,0,0,66,27,44,38.0,Matches
643,John Pulskamp,us USA,GK,Sporting KC,21,2001,5.0,0,0,0,0,0,0,0,0,0,0,0,0,3,1,0,100.0,Matches
644,Facundo Quignon,ar ARG,MF,FC Dallas,29,1993,21.3,4,0,0,31,19,2,4,30,27,0,0,0,146,21,17,55.3,Matches
645,Nelson Quiñones,co COL,"FW,MF",Dynamo FC,20,2002,16.4,5,1,0,27,31,6,29,14,27,1,0,0,73,6,7,46.2,Matches
646,Philip Quinton,us USA,DF,Columbus Crew,23,1999,10.4,2,0,0,7,4,1,0,18,4,0,1,0,65,23,18,56.1,Matches
647,Romell Quioto,hn HON,FW,CF Montréal,31,1991,8.9,2,0,0,6,10,7,29,0,2,0,0,0,11,11,23,32.4,Matches
648,Nemanja Radoja,rs SRB,MF,Sporting KC,29,1993,19.0,4,0,0,19,18,0,1,29,21,0,1,0,140,12,14,46.2,Matches
649,Aleksandar Radovanović,rs SRB,DF,Austin,29,1993,3.9,0,0,0,3,1,0,1,6,4,0,0,0,10,15,5,75.0,Matches
650,Jeremy Rafanello,us USA,MF,Philadelphia,22,2000,0.1,0,0,0,1,0,0,0,0,0,0,0,0,1,0,0,,Matches
Rk,Player,Nation,Pos,Squad,Age,Born,90s,CrdY,CrdR,2CrdY,Fls,Fld,Off,Crs,Int,TklW,PKwon,PKcon,OG,Recov,Won,Lost,Won%,Matches
651,Jackson Ragen,us USA,DF,Seattle,24,1998,31.6,8,0,0,29,15,0,0,31,22,0,0,0,145,83,49,62.9,Matches
652,Brooklyn Raines,us USA,"MF,FW",Dynamo FC,17,2005,2.2,0,0,0,8,4,0,0,4,4,0,0,0,11,2,1,66.7,Matches
653,Christian Ramirez,us USA,"FW,MF",Columbus Crew,31,1991,17.9,2,0,0,9,14,10,7,2,0,0,0,0,31,10,26,27.8,Matches
654,Greg Ranjitsingh,tt TRI,GK,Toronto FC,29,1993,4.0,0,0,0,0,0,0,0,1,0,0,0,0,8,1,0,100.0,Matches
655,Ryan Raposo,ca CAN,"DF,FW",Vancouver,23,1999,14.8,4,0,0,15,20,1,86,22,13,0,0,0,75,7,12,36.8,Matches
656,Justin Rasmussen,us USA,DF,Portland Timbers,24,1998,3.7,0,0,0,3,2,0,8,3,8,0,0,0,28,1,3,25.0,Matches
657,Sean Rea,ca CAN,"MF,FW",CF Montréal,20,2002,8.3,2,0,0,6,5,1,26,2,3,0,0,0,34,0,3,0.0,Matches
658,Matthew Real,us USA,"DF,MF",Philadelphia,23,1999,5.5,1,0,0,10,6,0,10,3,7,0,0,0,45,6,5,54.5,Matches
659,Rodney Redes,py PAR,"MF,FW",Austin,22,2000,5.4,3,1,1,9,16,0,25,3,4,0,0,0,16,4,10,28.6,Matches
660,Jayden Reid,us USA,MF,NY Red Bulls,21,2001,0.0,0,0,0,0,0,0,0,0,0,0,0,0,0,0,0,,Matches
661,Justin Rennicks,us USA,"FW,MF",New England,23,1999,4.3,0,0,0,5,7,1,5,1,5,0,1,0,13,4,7,36.4,Matches
662,Andrés Reyes,co COL,DF,NY Red Bulls,23,1999,26.5,13,1,1,75,36,1,4,61,32,0,2,2,221,113,46,71.1,Matches
663,Emanuel Reynoso,ar ARG,MF,Minnesota Utd,27,1995,15.2,4,0,0,20,47,1,155,5,11,1,0,0,81,10,15,40.0,Matches
664,Spencer Richey,us USA,GK,Chicago Fire,30,1992,4.7,0,0,0,0,0,0,0,0,1,0,0,0,6,1,0,100.0,Matches
665,Emiliano Rigoni,ar ARG,"FW,MF",Austin,29,1993,24.3,3,0,0,22,13,17,176,5,16,0,0,1,69,20,30,40.0,Matches
666,Chris Rindov,us USA,DF,Sporting KC,21,2001,0.1,0,0,0,0,0,0,0,0,0,0,0,0,2,0,0,,Matches
667,Alexander Ring,fi FIN,"DF,MF",Austin,31,1991,23.9,3,0,0,24,7,5,27,27,24,0,0,0,134,26,24,52.0,Matches
668,Birk Risa,no NOR,DF,NYCFC,24,1998,9.6,1,0,0,9,5,1,1,8,4,0,0,0,31,24,7,77.4,Matches
669,Damien Rivera,cr CRC,"FW,MF",New England,20,2002,2.0,0,0,0,2,5,1,7,1,1,0,0,0,14,4,3,57.1,Matches
670,Nigel Robertha,nl NED,"FW,MF",D.C. United,24,1998,3.4,0,0,0,6,3,3,7,0,1,0,0,0,6,2,6,25.0,Matches
671,Miles Robinson,us USA,DF,Atlanta Utd,25,1997,26.3,2,0,0,13,13,2,0,25,24,0,0,0,114,58,21,73.4,Matches
672,Robbie Robinson,us USA,"FW,MF",Inter Miami,24,1998,3.8,1,0,0,5,9,4,4,1,4,0,0,0,15,2,1,66.7,Matches
673,Rodrigues,br BRA,DF,San Jose,25,1997,33.3,6,0,0,27,23,7,3,58,46,0,2,0,243,85,42,66.9,Matches
674,Abraham Rodriguez,us USA,GK,Colorado Rapids,20,2002,1.0,0,0,0,0,1,0,0,0,0,0,0,0,5,1,0,100.0,Matches
675,Memo Rodriguez,us USA,"FW,MF",Austin,27,1995,2.7,0,0,0,3,2,3,13,2,5,0,0,0,11,1,2,33.3,Matches
Rk,Player,Nation,Pos,Squad,Age,Born,90s,CrdY,CrdR,2CrdY,Fls,Fld,Off,Crs,Int,TklW,PKwon,PKcon,OG,Recov,Won,Lost,Won%,Matches
676,Memo Rodriguez,us USA,"MF,FW",LA Galaxy,27,1995,7.4,2,0,0,9,9,2,38,2,7,0,0,0,29,1,6,14.3,Matches
677,Missael Rodriguez,us USA,FW,Chicago Fire,19,2003,0.2,0,0,0,1,1,0,0,0,1,0,0,0,1,1,1,50.0,Matches
678,Santiago Rodríguez,uy URU,"MF,FW",NYCFC,23,2000,28.7,9,0,0,45,80,13,114,11,19,1,0,0,148,5,22,18.5,Matches
679,Alex Roldan,sv SLV,DF,Seattle,26,1996,26.9,5,0,0,20,30,3,88,23,38,0,0,0,158,28,37,43.1,Matches
680,Cristian Roldan,us USA,"FW,DF",Seattle,27,1995,13.9,2,0,0,14,21,2,37,9,14,0,0,0,83,32,17,65.3,Matches
681,Tomas Romero,sv SLV,GK,Toronto FC,22,2000,6.0,1,0,0,0,0,0,0,0,0,0,0,0,7,1,0,100.0,Matches
682,David Romney,us USA,DF,New England,29,1993,34.0,1,0,0,11,8,0,5,37,14,0,0,0,155,109,78,58.3,Matches
683,Connor Ronan,ie IRL,MF,Colorado Rapids,24,1998,31.6,3,0,0,18,14,1,193,20,20,0,0,0,202,5,10,33.3,Matches
684,Eloy Room,cw CUW,GK,Columbus Crew,33,1989,3.0,0,0,0,0,0,0,0,0,0,0,0,0,6,0,0,,Matches
685,Joseph Rosales,hn HON,"FW,MF",Minnesota Utd,22,2000,12.1,0,0,0,28,13,1,55,12,22,0,0,0,68,9,17,34.6,Matches
686,Oriol Rosell,es ESP,MF,LA Galaxy,30,1992,9.4,0,0,0,14,6,0,3,6,11,0,0,0,56,9,6,60.0,Matches
687,Keegan Rosenberry,us USA,DF,Colorado Rapids,29,1993,25.2,3,0,0,13,7,0,45,46,24,0,0,0,144,19,25,43.2,Matches
688,Daniel Rosero,co COL,DF,Sporting KC,29,1993,25.1,8,0,0,26,20,0,0,34,13,0,0,0,146,64,36,64.0,Matches
689,Matheus Rossetto,br BRA,MF,Atlanta Utd,26,1996,20.3,4,0,0,25,7,1,3,17,32,1,0,0,145,9,13,40.9,Matches
690,Diego Rossi,uy URU,"MF,FW",Columbus Crew,24,1998,8.6,0,0,0,11,11,3,26,3,3,1,0,0,27,2,3,40.0,Matches
691,Sigurd Rosted,no NOR,DF,Toronto FC,28,1994,18.3,1,0,0,20,17,0,0,30,11,0,0,0,79,34,25,57.6,Matches
692,Paul Rothrock,us USA,FW,Seattle,24,1999,0.5,0,0,0,1,4,0,2,0,3,0,0,0,2,0,2,0.0,Matches
693,Kelyn Rowe,us USA,DF,Seattle,31,1991,3.8,0,0,0,3,5,0,5,9,10,0,0,0,21,7,7,50.0,Matches
694,Ruan,br BRA,"DF,MF",D.C. United,27,1995,15.8,3,0,0,20,30,1,46,10,19,0,0,0,91,6,7,46.2,Matches
695,Rubio Rubin,gt GUA,"FW,MF",Real Salt Lake,26,1996,14.4,3,0,0,15,13,2,9,4,4,0,0,0,38,30,40,42.9,Matches
696,Diego Rubio,cl CHI,"MF,FW",Colorado Rapids,29,1993,11.9,3,0,0,10,31,2,20,6,12,1,0,0,35,19,26,42.2,Matches
697,Raúl Ruidíaz,pe PER,FW,Seattle,32,1990,11.7,1,0,0,8,16,5,6,0,2,0,0,0,15,11,14,44.0,Matches
698,David Ruiz,hn HON,MF,Inter Miami,18,2004,13.2,7,1,1,28,23,1,4,13,22,1,0,1,51,9,22,29.0,Matches
699,Pablo Ruíz,ar ARG,MF,Real Salt Lake,24,1998,15.3,7,1,1,24,7,0,66,15,28,0,1,0,124,5,16,23.8,Matches
700,Albert Rusnák,sk SVK,"MF,FW",Seattle,28,1994,29.1,5,0,0,26,11,4,47,22,8,0,0,0,151,7,8,46.7,Matches
Rk,Player,Nation,Pos,Squad,Age,Born,90s,CrdY,CrdR,2CrdY,Fls,Fld,Off,Crs,Int,TklW,PKwon,PKcon,OG,Recov,Won,Lost,Won%,Matches
701,Johnny Russell,sct SCO,FW,Sporting KC,32,1990,18.7,1,1,0,16,42,4,88,18,8,0,0,0,72,22,23,48.9,Matches
702,Jacen Russell-Rowe,ca CAN,"FW,MF",Columbus Crew,20,2002,6.0,2,0,0,10,1,0,2,2,4,0,0,0,18,6,15,28.6,Matches
703,Ryan Sailor,us USA,"DF,FW",Inter Miami,24,1998,3.4,0,0,0,3,0,0,0,3,2,0,0,0,18,4,5,44.4,Matches
704,Nathan-Dylan Saliba,ca CAN,MF,CF Montréal,18,2004,19.7,3,0,0,36,15,0,13,16,27,0,0,0,128,10,15,40.0,Matches
705,Abdi Salim,so SOM,DF,Orlando City,21,2001,1.6,0,0,0,0,0,0,1,4,2,0,0,0,8,2,1,66.7,Matches
706,Dániel Sallói,hu HUN,FW,Sporting KC,26,1996,31.9,5,0,0,25,35,7,140,16,16,0,0,0,101,19,25,43.2,Matches
707,Gaoussou Samaké,ci CIV,"MF,DF",D.C. United,25,1997,4.0,0,0,0,9,1,0,14,8,4,0,0,0,22,4,2,66.7,Matches
708,Ilie Sánchez,es ESP,MF,Los Angeles FC,32,1990,28.8,7,0,0,32,15,1,3,36,34,0,0,0,213,47,17,73.4,Matches
709,James Sands,us USA,"MF,DF",NYCFC,22,2000,24.1,4,0,0,36,36,0,1,26,36,0,1,0,167,30,25,54.5,Matches
710,William Sands,us USA,"DF,MF",Columbus Crew,22,2000,5.4,1,0,0,6,5,0,12,4,9,0,0,0,27,7,7,50.0,Matches
711,Jeong Sangbin,kr KOR,"FW,MF",Minnesota Utd,20,2002,10.7,2,0,0,9,8,5,44,7,2,1,0,0,37,9,14,39.1,Matches
712,Sergio Santos Gomes,br BRA,"FW,MF",FC Cincinnati,28,1994,10.0,5,0,0,24,16,5,8,1,16,0,0,0,39,18,31,36.7,Matches
713,Nuno Santos,pt POR,MF,Charlotte,23,1999,2.4,1,0,0,3,2,0,14,2,0,0,0,0,22,1,2,33.3,Matches
714,Pedro Santos,pt POR,"DF,MF",D.C. United,34,1988,16.7,3,0,0,21,31,1,83,10,40,0,1,0,97,4,20,16.7,Matches
715,Rafael Santos,br BRA,DF,Orlando City,24,1998,22.1,2,0,0,17,8,0,87,27,25,0,0,0,132,23,17,57.5,Matches
716,C.J. Sapong,us USA,FW,Toronto FC,34,1988,14.1,0,0,0,12,30,6,3,7,4,0,0,0,32,47,40,54.0,Matches
717,C.J. Sapong,us USA,FW,Nashville,34,1988,4.2,0,0,0,4,6,3,4,3,1,0,0,0,14,21,21,50.0,Matches
718,Hayden Sargis,us USA,DF,D.C. United,20,2002,0.2,0,0,0,0,0,0,0,0,0,0,0,0,2,0,0,,Matches
719,Jefferson Savarino,ve VEN,"MF,FW",Real Salt Lake,26,1996,21.6,1,0,0,6,21,2,142,4,16,0,0,0,69,3,12,20.0,Matches
720,Rodrigo Schlegel,ar ARG,DF,Orlando City,25,1997,21.9,3,0,0,27,20,0,1,24,14,0,1,0,106,31,43,41.9,Matches
721,Tate Schmitt,us USA,DF,Dynamo FC,25,1997,4.4,1,0,0,6,2,1,16,4,2,0,0,0,28,8,4,66.7,Matches
722,Alessandro Schöpf,at AUT,MF,Vancouver,28,1994,19.7,5,0,0,25,22,0,12,16,20,0,0,0,122,5,8,38.5,Matches
723,Patrick Schulte,us USA,GK,Columbus Crew,21,2001,31.0,3,0,0,2,0,0,0,0,0,0,1,0,71,6,3,66.7,Matches
724,Dante Sealy,us USA,"MF,DF",FC Dallas,19,2003,3.2,0,0,0,9,5,4,8,1,5,0,0,0,17,5,4,55.6,Matches
725,Gabe Segal,us USA,FW,NYCFC,21,2001,4.6,0,0,0,8,6,3,1,1,7,0,0,0,16,4,17,19.0,Matches
Rk,Player,Nation,Pos,Squad,Age,Born,90s,CrdY,CrdR,2CrdY,Fls,Fld,Off,Crs,Int,TklW,PKwon,PKcon,OG,Recov,Won,Lost,Won%,Matches
726,Amar Sejdic,us USA,MF,Atlanta Utd,26,1996,11.8,2,0,0,19,8,0,3,12,12,0,0,0,60,4,10,28.6,Matches
727,Brandon Servania,us USA,"MF,FW",Toronto FC,23,1999,18.9,3,0,0,21,9,0,29,10,30,0,0,0,100,12,19,38.7,Matches
728,Jacob Shaffelburg,ca CAN,"FW,MF",Nashville,23,1999,14.6,1,0,0,7,13,1,62,16,5,3,0,0,51,10,20,33.3,Matches
729,Xherdan Shaqiri,ch SUI,MF,Chicago Fire,31,1991,22.8,4,1,1,14,43,7,127,5,6,0,0,0,100,5,12,29.4,Matches
730,Billy Sharp,eng ENG,FW,LA Galaxy,36,1986,7.9,1,0,0,10,7,5,7,0,1,0,0,0,8,7,11,38.9,Matches
731,Khiry Shelton,us USA,"FW,MF",Sporting KC,29,1993,9.4,2,0,0,19,11,3,16,16,5,0,0,0,49,22,18,55.0,Matches
732,Andre Shinyashiki,br BRA,"MF,FW",Charlotte,27,1995,2.1,1,0,0,6,5,0,9,1,3,0,0,0,16,1,2,33.3,Matches
733,Marcelo Silva,uy URU,DF,Real Salt Lake,33,1989,16.0,2,0,0,17,3,0,1,20,10,0,2,0,83,28,21,57.1,Matches
734,Xande Silva,pt POR,FW,Atlanta Utd,25,1997,7.1,1,0,0,6,6,1,8,4,0,0,0,0,26,1,0,100.0,Matches
735,Jonathan Sirois,ca CAN,GK,CF Montréal,21,2001,32.1,1,0,0,1,2,0,0,1,1,0,1,1,52,8,0,100.0,Matches
736,Pablo Sisniega,mx MEX,GK,Charlotte,27,1995,3.0,0,0,0,0,0,0,0,0,0,0,0,0,5,1,0,100.0,Matches
737,Jack Skahan,us USA,"FW,MF",San Jose,24,1998,4.0,1,0,0,4,5,2,4,3,3,1,0,0,18,2,1,66.7,Matches
738,Brad Smith,au AUS,"DF,FW",Dynamo FC,28,1994,5.3,0,0,0,4,0,1,30,2,5,0,0,0,17,5,6,45.5,Matches
739,Collin Smith,us USA,"DF,MF",FC Dallas,19,2003,1.2,0,0,0,3,0,0,1,1,0,0,0,0,3,0,1,0.0,Matches
740,Kyle Smith,us USA,DF,Orlando City,31,1992,16.6,5,0,0,20,8,0,30,16,20,0,1,0,88,19,19,50.0,Matches
741,Jan Sobociński,pl POL,DF,Charlotte,23,1999,7.2,4,0,0,10,8,0,1,7,11,0,0,0,36,13,11,54.2,Matches
742,Santiago Sosa,ar ARG,MF,Atlanta Utd,23,1999,10.2,3,0,0,20,13,0,3,18,17,0,0,0,70,34,14,70.8,Matches
743,Arnaud Souquet,fr FRA,DF,Chicago Fire,30,1992,20.3,6,1,1,37,30,0,54,22,24,0,1,0,116,13,22,37.1,Matches
744,Ryan Spaulding,us USA,DF,New England,24,1998,6.9,0,0,0,6,11,1,12,5,3,0,0,0,29,8,5,61.5,Matches
745,Dayne St. Clair,ca CAN,GK,Minnesota Utd,25,1997,30.0,2,0,0,0,3,0,0,0,0,0,0,0,43,3,0,100.0,Matches
746,Mason Stajduhar,us USA,GK,Orlando City,25,1997,4.0,1,0,0,0,2,0,0,0,0,0,0,0,1,1,0,100.0,Matches
747,Nicolás Stefanelli,ar ARG,"FW,MF",Inter Miami,28,1994,14.8,2,0,0,18,25,5,26,11,14,1,0,0,74,3,17,15.0,Matches
748,Lazar Stefanovic,ca CAN,DF,Toronto FC,16,2006,0.9,0,0,0,0,0,0,0,2,0,0,0,0,4,0,1,0.0,Matches
749,Daniel Steres,us USA,DF,Dynamo FC,32,1990,20.7,2,0,0,15,6,1,14,17,26,0,1,0,83,35,28,55.6,Matches
750,Benjamin Stitz,us USA,FW,FC Cincinnati,22,2000,0.2,0,0,0,0,1,0,0,0,0,0,0,0,2,1,2,33.3,Matches
Rk,Player,Nation,Pos,Squad,Age,Born,90s,CrdY,CrdR,2CrdY,Fls,Fld,Off,Crs,Int,TklW,PKwon,PKcon,OG,Recov,Won,Lost,Won%,Matches
751,Jared Stroud,us USA,"MF,FW",St. Louis,26,1996,21.9,8,0,0,36,31,4,74,14,25,0,0,0,156,6,20,23.1,Matches
752,Peter Stroud,us USA,MF,NY Red Bulls,20,2002,11.3,1,0,0,18,22,0,8,21,24,0,0,0,86,12,6,66.7,Matches
753,Brad Stuver,us USA,GK,Austin,31,1991,34.0,0,0,0,0,3,0,0,0,1,0,0,0,45,3,1,75.0,Matches
754,Yekeson Subah,lr LBR,FW,Los Angeles FC,18,2004,0.2,0,0,0,1,1,0,0,0,2,0,0,0,3,0,0,,Matches
755,Quinn Sullivan,us USA,"FW,MF",Philadelphia,18,2004,7.7,3,0,0,14,3,4,14,6,5,0,0,0,41,2,18,10.0,Matches
756,Lawson Sunderland,us USA,"MF,FW",Inter Miami,21,2001,0.7,0,0,0,0,0,0,0,0,2,0,0,0,3,0,0,,Matches
757,Sam Surridge,eng ENG,FW,Nashville,24,1998,5.5,1,0,0,6,6,5,6,0,3,0,0,0,10,14,23,37.8,Matches
758,Erik Sviatchenko,dk DEN,DF,Dynamo FC,31,1991,15.0,7,0,0,14,10,1,5,11,5,0,0,1,58,36,13,73.5,Matches
759,Ben Sweat,us USA,DF,New England,31,1991,3.7,0,0,0,5,0,2,8,4,5,0,0,0,22,6,4,60.0,Matches
760,Ben Sweat,us USA,DF,Sporting KC,31,1991,3.5,2,1,1,4,1,1,13,5,2,0,0,0,15,4,1,80.0,Matches
761,Karol Świderski,pl POL,"FW,MF",Charlotte,26,1997,26.8,7,0,0,20,36,1,57,6,10,0,1,0,101,26,40,39.4,Matches
762,Nkosi Tafari,us USA,DF,FC Dallas,25,1997,27.7,4,0,0,23,5,2,3,24,11,0,0,1,128,47,30,61.0,Matches
763,Ismael Tajouri-Shradi,ly LBY,FW,Minnesota Utd,28,1994,3.9,1,0,0,4,5,2,6,0,3,0,0,0,21,1,8,11.1,Matches
764,Yohei Takaoka,jp JPN,GK,Vancouver,26,1996,33.0,0,0,0,0,5,0,0,0,1,0,0,0,39,13,1,92.9,Matches
765,Miguel Tapias,mx MEX,DF,Minnesota Utd,26,1997,31.8,5,0,0,35,6,1,1,37,31,0,0,1,165,52,44,54.2,Matches
766,Andrew Tarbell,us USA,GK,Dynamo FC,29,1993,1.0,0,0,0,0,0,0,0,0,0,0,0,0,2,0,0,,Matches
767,Sidnei Tavares,pt POR,MF,Colorado Rapids,21,2001,3.3,2,0,0,6,10,0,1,1,0,0,0,0,12,0,4,0.0,Matches
768,D.J. Taylor,us USA,DF,Minnesota Utd,25,1997,27.9,8,0,0,28,12,3,102,31,46,0,0,0,134,32,33,49.2,Matches
769,Robert Taylor,fi FIN,"FW,DF",Inter Miami,28,1994,16.2,6,0,0,15,7,2,68,19,10,0,0,0,73,5,7,41.7,Matches
770,Russell Teibert,ca CAN,MF,Vancouver,30,1992,1.7,0,0,0,1,0,0,1,1,0,0,0,0,6,1,2,33.3,Matches
771,Carlos Terán,co COL,DF,Chicago Fire,22,2000,17.5,5,0,0,16,14,0,6,21,16,0,0,1,140,29,24,54.7,Matches
772,Dylan Teves,us USA,FW,Seattle,22,2000,4.3,0,0,0,4,5,2,16,1,3,0,0,0,24,4,11,26.7,Matches
773,Thiago,br BRA,"FW,MF",NYCFC,22,2000,1.5,1,0,0,5,2,0,0,0,2,0,0,0,8,1,2,33.3,Matches
774,Jamal Thiaré,sn SEN,FW,Atlanta Utd,29,1993,0.6,2,0,0,3,1,2,0,1,0,0,0,0,1,4,4,50.0,Matches
775,Erik Thommy,de GER,"MF,FW",Sporting KC,28,1994,28.7,7,0,0,28,57,2,125,24,27,0,0,0,134,8,12,40.0,Matches
Rk,Player,Nation,Pos,Squad,Age,Born,90s,CrdY,CrdR,2CrdY,Fls,Fld,Off,Crs,Int,TklW,PKwon,PKcon,OG,Recov,Won,Lost,Won%,Matches
776,Kosi Thompson,ca CAN,"MF,FW",Toronto FC,20,2003,6.5,0,0,0,11,7,0,4,11,6,0,0,0,33,5,7,41.7,Matches
777,Tommy Thompson,us USA,"MF,DF",San Jose,27,1995,3.9,1,0,0,6,8,0,2,2,6,0,0,0,24,1,3,25.0,Matches
778,Timothy Tillman,de GER,MF,Los Angeles FC,24,1999,18.3,6,0,0,26,43,1,20,17,25,1,0,0,135,11,16,40.7,Matches
779,John Tolkin,us USA,DF,NY Red Bulls,20,2002,26.4,5,0,0,10,34,3,159,26,34,1,0,0,180,28,17,62.2,Matches
780,Nouhou Tolo,cm CMR,DF,Seattle,25,1997,22.8,6,0,0,22,30,2,30,21,41,0,0,0,169,30,22,57.7,Matches
781,Facundo Torres,uy URU,"FW,MF",Orlando City,22,2000,26.3,2,0,0,11,64,7,91,9,10,0,0,0,109,14,28,33.3,Matches
782,Jairo Torres,mx MEX,"MF,FW",Chicago Fire,22,2000,8.5,2,0,0,12,24,2,23,6,4,0,0,0,39,9,3,75.0,Matches
783,Joaquín Torres,ar ARG,"MF,FW",Philadelphia,26,1997,3.9,3,0,0,4,7,1,13,2,4,0,0,0,27,1,1,50.0,Matches
784,Mason Toye,us USA,FW,CF Montréal,24,1998,7.5,0,0,0,6,5,3,10,2,1,0,0,0,10,8,5,61.5,Matches
785,Wil Trapp,us USA,MF,Minnesota Utd,30,1993,26.9,6,0,0,30,10,0,13,30,38,0,0,0,176,25,27,48.1,Matches
786,Miguel Trauco,pe PER,DF,San Jose,30,1992,22.3,2,0,0,23,9,0,44,21,28,0,1,0,108,8,21,27.6,Matches
787,Niko Tsakiris,us USA,MF,San Jose,17,2005,6.8,4,0,0,8,12,1,5,4,8,0,0,0,34,5,4,55.6,Matches
788,Bill Tuiloma,nz NZL,DF,Charlotte,27,1995,15.0,2,0,0,10,14,3,1,21,2,0,0,1,67,34,31,52.3,Matches
789,Stephen Turnbull,us USA,"DF,MF",NYCFC,24,1998,5.4,1,0,0,6,7,1,14,4,7,0,0,0,28,6,7,46.2,Matches
790,Ema Twumasi,gh GHA,DF,FC Dallas,25,1997,17.5,3,1,0,23,6,2,38,11,12,0,0,0,118,12,8,60.0,Matches
791,Marinos Tzionis,cy CYP,"FW,MF",Sporting KC,21,2001,8.1,0,0,0,11,19,2,13,3,11,0,0,0,31,3,10,23.1,Matches
792,Mikael Uhre,dk DEN,FW,Philadelphia,28,1994,23.8,3,0,0,30,42,17,37,9,13,3,0,0,50,35,57,38.0,Matches
793,Þorleifur Úlfarsson,is ISL,"FW,MF",Dynamo FC,22,2000,5.3,1,0,0,6,5,2,9,2,1,0,0,0,8,9,25,26.5,Matches
794,Victor Ulloa,us USA,MF,Inter Miami,30,1992,1.8,0,0,0,4,2,0,0,2,3,0,0,0,7,1,7,12.5,Matches
795,Jere Uronen,fi FIN,DF,Charlotte,28,1994,6.8,0,0,0,11,5,0,18,9,5,0,0,0,37,11,8,57.9,Matches
796,Maximiliano Urruti,ar ARG,FW,Austin,31,1991,10.8,3,0,0,17,20,6,2,4,9,0,0,0,31,3,7,30.0,Matches
797,Júnior Urso,br BRA,"MF,FW",Orlando City,33,1989,2.8,1,0,0,2,2,0,0,2,3,0,0,0,16,4,6,40.0,Matches
798,Leo Väisänen,fi FIN,DF,Austin,25,1997,19.6,4,0,0,17,4,0,3,22,7,0,1,0,98,64,44,59.3,Matches
799,Jhojan Valencia,co COL,MF,Austin,26,1996,15.9,4,0,0,31,10,0,3,30,27,0,0,0,93,18,22,45.0,Matches
800,Zarek Valentin,pr PUR,DF,Minnesota Utd,31,1991,14.7,0,0,0,10,5,0,21,13,9,0,0,0,88,13,18,41.9,Matches
Rk,Player,Nation,Pos,Squad,Age,Born,90s,CrdY,CrdR,2CrdY,Fls,Fld,Off,Crs,Int,TklW,PKwon,PKcon,OG,Recov,Won,Lost,Won%,Matches
801,Gerardo Valenzuela,us USA,MF,FC Cincinnati,18,2004,0.1,0,0,0,0,1,0,0,1,0,0,0,0,1,0,1,0.0,Matches
802,Gustavo Vallecilla,ec ECU,DF,Columbus Crew,23,1999,9.4,3,0,0,14,0,0,3,10,12,0,0,0,69,14,14,50.0,Matches
803,Dante Vanzeir,be BEL,"FW,MF",NY Red Bulls,24,1998,8.3,2,0,0,6,4,11,21,3,3,0,0,0,22,8,15,34.8,Matches
804,Kerwin Vargas,co COL,"FW,MF",Charlotte,21,2002,16.5,4,0,0,13,22,10,117,20,7,0,0,0,84,14,16,46.7,Matches
805,Marlon Vargas,sv SLV,MF,Colorado Rapids,22,2001,0.1,0,0,0,0,0,0,0,0,0,0,0,0,0,0,0,,Matches
806,Obed Vargas,us USA,MF,Seattle,17,2005,14.7,0,0,0,12,22,2,5,17,22,0,0,0,73,8,8,50.0,Matches
807,Indiana Vassilev,us USA,MF,St. Louis,21,2001,23.5,2,0,0,17,36,2,89,10,27,2,0,0,128,8,19,29.6,Matches
808,Brandon Vazquez,us USA,FW,FC Cincinnati,24,1998,26.4,3,0,0,29,49,9,7,4,10,0,0,0,81,69,72,48.9,Matches
809,Víctor Vázquez,es ESP,"MF,FW",Toronto FC,36,1987,2.7,1,0,0,0,5,0,4,2,2,0,0,0,20,0,0,,Matches
810,Carlos Vela,mx MEX,FW,Los Angeles FC,33,1989,23.0,0,0,0,24,29,13,123,5,6,2,0,0,79,7,12,36.8,Matches
811,Alan Velasco,ar ARG,"FW,MF",FC Dallas,20,2002,25.1,6,0,0,41,53,9,90,20,29,0,0,0,123,7,12,36.8,Matches
812,Brayan Vera,co COL,DF,Real Salt Lake,24,1999,22.7,11,0,0,40,17,0,24,25,28,0,1,0,137,29,36,44.6,Matches
813,Ranko Veselinović,rs SRB,DF,Vancouver,23,1999,31.4,2,0,0,21,7,2,5,33,22,0,0,0,109,60,53,53.1,Matches
814,Jules-Anthony Vilsaint,ca CAN,FW,CF Montréal,20,2003,4.6,0,0,0,6,5,0,4,1,3,0,0,0,9,5,13,27.8,Matches
815,Pedro Vite,ec ECU,"MF,FW",Vancouver,20,2002,23.9,4,0,0,30,25,3,42,26,28,0,0,0,151,9,12,42.9,Matches
816,Gino Vivi,cr CRC,"MF,DF",LA Galaxy,22,2000,0.9,0,0,0,1,2,0,3,3,0,0,0,0,4,0,0,,Matches
817,Robert Voloder,ba BIH,DF,Sporting KC,21,2001,11.4,2,0,0,9,10,0,7,21,5,0,1,0,55,19,18,51.4,Matches
818,Giacomo Vrioni,al ALB,FW,New England,24,1998,14.6,0,0,0,24,28,11,1,4,5,0,0,0,22,39,38,50.6,Matches
819,Kai Wagner,de GER,DF,Philadelphia,25,1997,27.1,6,0,0,25,31,0,263,46,39,0,0,0,190,25,16,61.0,Matches
820,Rémi Walter,fr FRA,MF,Sporting KC,27,1995,30.4,2,0,0,22,14,0,23,34,26,0,0,0,223,26,18,59.1,Matches
821,Victor Wanyama,ke KEN,MF,CF Montréal,31,1991,19.9,6,0,0,28,34,0,0,23,16,0,0,0,165,24,26,48.0,Matches
822,Taylor Washington,us USA,"DF,MF",Nashville,29,1993,5.4,7,1,1,9,8,2,14,10,5,0,0,0,33,10,6,62.5,Matches
823,Joel Waterman,ca CAN,DF,CF Montréal,27,1996,26.4,8,1,0,30,27,1,12,31,19,0,0,1,222,15,29,34.1,Matches
824,Akil Watts,us USA,"DF,MF",St. Louis,22,2000,9.8,0,0,0,9,0,1,29,14,18,0,0,0,57,5,6,45.5,Matches
825,Quentin Westberg,us USA,GK,Atlanta Utd,36,1986,5.5,0,0,0,0,0,0,0,0,0,0,0,0,12,1,1,50.0,Matches
Rk,Player,Nation,Pos,Squad,Age,Born,90s,CrdY,CrdR,2CrdY,Fls,Fld,Off,Crs,Int,TklW,PKwon,PKcon,OG,Recov,Won,Lost,Won%,Matches
826,Ashley Westwood,eng ENG,MF,Charlotte,32,1990,28.1,6,0,0,34,28,1,106,10,9,1,0,0,174,7,3,70.0,Matches
827,Brian White,us USA,FW,Vancouver,26,1996,28.2,4,0,0,31,21,17,2,4,11,2,0,0,39,70,86,44.9,Matches
828,Caleb Wiley,us USA,"DF,FW",Atlanta Utd,18,2004,25.9,1,0,0,27,17,3,40,29,26,0,0,0,118,23,28,45.1,Matches
829,Derrick Williams,ie IRL,DF,D.C. United,30,1993,20.5,4,0,0,16,4,2,4,25,11,0,0,0,111,46,22,67.6,Matches
830,Eryk Williamson,us USA,MF,Portland Timbers,25,1997,5.9,2,0,0,12,18,0,18,4,7,0,0,0,42,3,4,42.9,Matches
831,Joe Willis,us USA,GK,Nashville,34,1988,32.0,0,0,0,0,5,0,0,0,0,0,0,0,25,13,1,92.9,Matches
832,Danny Wilson,sct SCO,DF,Colorado Rapids,31,1991,25.7,5,0,0,20,11,1,1,21,9,0,1,0,100,52,39,57.1,Matches
833,Owen Wolff,us USA,MF,Austin,18,2004,20.9,3,0,0,25,32,0,15,23,12,0,0,0,91,7,16,30.4,Matches
834,Tyler Wolff,us USA,"FW,MF",Atlanta Utd,19,2003,7.2,3,0,0,14,10,1,5,4,9,0,0,0,31,0,1,0.0,Matches
835,Bobby Wood,us USA,FW,New England,30,1992,16.5,4,0,0,25,30,11,2,3,5,0,0,0,36,36,50,41.9,Matches
836,Karifa Yao,ca CAN,MF,Vancouver,22,2000,0.0,0,0,0,0,0,0,0,0,0,0,0,0,0,0,0,,Matches
837,Darren Yapi,us USA,"FW,MF",Colorado Rapids,18,2004,9.9,3,0,0,26,14,4,7,2,10,0,0,0,31,22,38,36.7,Matches
838,William Yarbrough,us USA,GK,Colorado Rapids,33,1989,20.0,0,0,0,0,1,0,0,0,0,0,0,0,39,4,0,100.0,Matches
839,Joshua Yaro,gh GHA,DF,St. Louis,28,1994,10.1,2,0,0,7,3,0,0,18,17,0,0,0,65,27,21,56.3,Matches
840,Dru Yearwood,eng ENG,MF,NY Red Bulls,22,2000,9.2,4,0,0,16,8,2,17,17,13,0,0,0,55,7,8,46.7,Matches
841,Yaw Yeboah,gh GHA,"DF,MF",Columbus Crew,25,1997,22.0,3,0,0,24,30,4,63,20,21,1,0,0,115,7,16,30.4,Matches
842,DeAndre Yedlin,us USA,DF,Inter Miami,29,1993,25.8,7,0,0,33,14,4,38,31,22,0,1,0,143,18,13,58.1,Matches
843,Maya Yoshida,jp JPN,DF,LA Galaxy,34,1988,12.0,3,0,0,9,7,0,0,26,9,0,0,0,63,24,11,68.6,Matches
844,Jackson Yueill,us USA,MF,San Jose,25,1997,30.2,6,0,0,20,32,0,12,32,23,0,0,0,195,6,7,46.2,Matches
845,Gyasi Zardes,us USA,FW,Austin,31,1991,16.3,3,0,0,13,25,11,3,1,8,0,0,0,43,48,58,45.3,Matches
846,Eriq Zavaleta,sv SLV,DF,LA Galaxy,30,1992,5.4,1,0,0,2,0,0,0,5,4,0,0,1,21,9,7,56.3,Matches
847,Sean Zawadzki,us USA,"DF,MF",Columbus Crew,22,2000,17.5,6,0,0,19,10,1,1,35,21,0,0,0,108,21,5,80.8,Matches
848,Lucas Zelarayán,am ARM,"MF,FW",Columbus Crew,30,1992,18.9,4,0,0,22,34,5,125,7,9,1,0,0,69,4,9,30.8,Matches
849,Walker Zimmerman,us USA,DF,Nashville,29,1993,20.5,5,1,1,21,8,0,3,32,19,0,0,0,120,57,39,59.4,Matches
850,Rida Zouhir,ca CAN,"MF,FW",CF Montréal,19,2003,2.5,1,0,0,2,3,1,4,2,3,0,0,0,17,2,0,100.0,Matches
Rk,Player,Nation,Pos,Squad,Age,Born,90s,CrdY,CrdR,2CrdY,Fls,Fld,Off,Crs,Int,TklW,PKwon,PKcon,OG,Recov,Won,Lost,Won%,Matches
851,Ethan Zubak,us USA,FW,Nashville,24,1998,1.6,1,0,0,5,3,3,2,0,1,0,0,0,10,13,9,59.1,Matches
852,Dario Župarić,ba BIH,DF,Portland Timbers,30,1992,31.0,10,0,0,44,27,1,1,41,24,0,0,0,148,71,40,64.0,Matches
853,Graham Zusi,us USA,DF,Sporting KC,36,1986,9.6,0,0,0,5,12,0,46,11,14,0,0,0,66,10,6,62.5,Matches
854,Nökkvi Þórisson,is ISL,"FW,MF",St. Louis,23,1999,3.0,0,0,0,5,2,1,5,3,1,0,0,0,10,4,6,40.0,Matches
855,Róbert Þorkelsson,is ISL,DF,CF Montréal,20,2002,2.5,2,0,0,6,4,0,3,3,5,0,0,0,17,2,7,22.2,Matches
