Unnamed: 0_level_0,Unnamed: 1_level_0,Unnamed: 2_level_0,Unnamed: 3_level_0,Unnamed: 4_level_0,Unnamed: 5_level_0,Unnamed: 6_level_0,Unnamed: 7_level_0,Unnamed: 8_level_0,Pass Types,Pass Types,Pass Types,Pass Types,Pass Types,Pass Types,Pass Types,Pass Types,Corner Kicks,Corner Kicks,Corner Kicks,Outcomes,Outcomes,Outcomes,Unnamed: 23_level_0
Rk,Player,Nation,Pos,Squad,Age,Born,90s,Att,Live,Dead,FK,TB,Sw,Crs,TI,CK,In,Out,Str,Cmp,Off,Blocks,Matches
1,Luis Abram,pe PER,DF,Atlanta Utd,26,1996,16.2,907,849,58,23,0,4,1,6,0,0,0,0,796,0,4,Matches
2,Lalas Abubakar,gh GHA,DF,Colorado Rapids,28,1994,21.3,1109,1067,42,13,0,6,2,29,0,0,0,0,952,0,3,Matches
3,Daniel Aceves,mx MEX,DF,Chicago Fire,21,2001,9.5,436,352,79,6,0,0,33,71,2,1,1,0,321,5,13,Matches
4,Bryan Acosta,hn HON,MF,Colorado Rapids,29,1993,12.4,533,477,53,23,1,15,49,2,25,19,6,0,417,3,7,Matches
5,Bryan Acosta,hn HON,MF,Portland Timbers,29,1993,5.1,222,206,15,9,0,2,6,2,4,3,1,0,192,1,3,Matches
6,Kellyn Acosta,us USA,MF,Los Angeles FC,27,1995,16.6,719,652,66,12,3,6,58,3,51,36,12,0,584,1,5,Matches
7,Luciano Acosta,ar ARG,MF,FC Cincinnati,28,1994,28.9,1474,1251,211,75,39,16,121,17,82,44,17,5,1043,12,40,Matches
8,Sam Adekugbe,ca CAN,"FW,DF",Vancouver,28,1995,4.5,248,230,17,2,0,0,16,15,0,0,0,0,205,1,4,Matches
9,Samuel Adeniran,us USA,FW,St. Louis,24,1998,10.5,163,151,12,0,0,1,15,2,0,0,0,0,91,0,9,Matches
10,Harrison Afful,gh GHA,DF,Charlotte,36,1986,10.6,678,595,82,11,1,3,7,71,0,0,0,0,574,1,9,Matches
11,Stephen Afrifa,ca CAN,FW,Sporting KC,21,2001,0.6,5,3,2,0,0,0,0,0,0,0,0,0,5,0,0,Matches
12,William Agada,ng NGA,FW,Sporting KC,23,1999,7.6,162,138,23,0,0,3,0,4,0,0,0,0,129,1,3,Matches
13,Giovanni Aguilar,us USA,MF,Vancouver,24,1998,0.1,5,5,0,0,0,0,0,0,0,0,0,0,3,0,0,Matches
14,Daniel Aguirre,us USA,"MF,FW",LA Galaxy,23,1999,6.4,329,310,18,2,0,1,17,10,6,3,2,0,277,1,14,Matches
15,Patrick Agyemang,us USA,FW,Charlotte,22,2000,2.1,36,34,2,0,0,0,0,0,0,0,0,0,25,0,3,Matches
16,Ali Ahmed,ca CAN,"MF,DF",Vancouver,22,2000,12.5,539,509,29,8,0,2,23,21,0,0,0,0,465,1,16,Matches
17,Carlos Akapo,gq EQG,DF,San Jose,29,1993,23.8,1299,1064,232,12,2,3,48,220,0,0,0,0,991,3,53,Matches
18,Matai Akinmboni,us USA,DF,D.C. United,16,2006,2.0,107,97,6,1,0,1,1,5,0,0,0,0,90,4,1,Matches
19,Ayo Akinola,ca CAN,FW,Toronto FC,23,2000,6.2,150,137,12,0,0,3,5,0,0,0,0,0,125,1,4,Matches
20,Ayo Akinola,ca CAN,"FW,MF",San Jose,23,2000,0.6,14,13,1,0,0,0,0,0,0,0,0,0,12,0,1,Matches
21,Joey Akpunonu,us USA,DF,FC Cincinnati,21,2001,0.1,3,3,0,0,0,0,0,0,0,0,0,0,3,0,0,Matches
22,Jordi Alba,es ESP,DF,Inter Miami,33,1989,4.9,342,312,28,4,1,2,14,23,1,0,0,0,272,2,6,Matches
23,Tony Alfaro,us USA,DF,NYCFC,29,1993,4.2,220,213,7,3,0,1,3,4,0,0,0,0,179,0,5,Matches
24,Tony Alfaro,us USA,DF,LA Galaxy,29,1993,4.2,233,210,23,12,0,2,0,0,0,0,0,0,201,0,1,Matches
25,Noah Allen,us USA,DF,Inter Miami,18,2004,13.9,831,722,107,18,2,6,27,85,4,2,0,0,700,2,20,Matches
Rk,Player,Nation,Pos,Squad,Age,Born,90s,Att,Live,Dead,FK,TB,Sw,Crs,TI,CK,In,Out,Str,Cmp,Off,Blocks,Matches
26,Rasmus Alm,se SWE,"MF,FW",St. Louis,27,1995,12.2,304,289,13,2,1,3,33,5,6,2,2,0,179,2,16,Matches
27,Thiago Almada,ar ARG,MF,Atlanta Utd,21,2001,30.3,1950,1769,168,71,25,61,122,15,67,61,4,0,1559,13,39,Matches
28,Osvaldo Alonso,cu CUB,MF,Atlanta Utd,37,1985,1.1,81,78,3,3,0,0,0,0,0,0,0,0,72,0,2,Matches
29,Jozy Altidore,us USA,FW,New England,33,1989,2.3,52,48,4,0,0,0,0,1,0,0,0,0,40,0,0,Matches
30,Efrain Alvarez,mx MEX,"MF,FW",LA Galaxy,20,2002,4.2,203,173,28,3,1,5,26,4,21,14,3,0,157,2,3,Matches
31,Fernando Álvarez,co COL,DF,CF Montréal,19,2003,2.8,142,132,10,5,0,0,0,5,0,0,0,0,124,0,0,Matches
32,Luis Amarilla,py PAR,FW,Minnesota Utd,27,1995,8.2,254,242,10,0,3,3,1,1,0,0,0,0,185,2,7,Matches
33,Frankie Amaya,us USA,MF,NY Red Bulls,22,2000,21.3,884,784,95,48,2,5,49,5,41,21,12,1,680,5,15,Matches
34,Malte Amundsen,dk DEN,DF,Columbus Crew,24,1998,21.0,1287,1149,131,32,4,8,14,97,1,0,1,0,1120,7,19,Matches
35,Sebastian Anderson,us USA,DF,Colorado Rapids,20,2002,3.0,90,72,17,1,0,2,7,16,0,0,0,0,64,1,3,Matches
36,José Andrés Martínez,ve VEN,MF,Philadelphia,28,1994,20.3,932,887,35,30,9,16,18,5,0,0,0,0,713,10,17,Matches
37,Iván Angulo,co COL,"FW,DF",Orlando City,23,1999,27.6,853,821,31,2,3,0,48,28,1,0,0,0,681,1,21,Matches
38,Marco Angulo,ec ECU,MF,FC Cincinnati,20,2002,8.7,366,357,9,4,1,1,0,2,0,0,0,0,309,0,3,Matches
39,Eugene Ansah,gh GHA,FW,FC Dallas,28,1994,2.0,40,40,0,0,0,0,5,0,0,0,0,0,27,0,1,Matches
40,Themi Antonoglou,ca CAN,"DF,MF",Toronto FC,21,2001,5.3,233,205,28,2,0,1,8,24,2,2,0,0,192,0,1,Matches
41,Antony,br BRA,"FW,MF",Portland Timbers,21,2001,2.8,90,89,1,0,0,0,11,1,0,0,0,0,67,0,5,Matches
42,Brian Anunga,cm CMR,MF,Nashville,26,1996,6.3,267,262,4,3,0,0,1,1,0,0,0,0,235,1,2,Matches
43,Cristian Arango,co COL,FW,Real Salt Lake,27,1995,8.4,158,138,18,2,0,0,9,3,0,0,0,0,119,2,5,Matches
44,César Araujo,uy URU,MF,Orlando City,21,2001,30.3,1686,1543,139,54,13,23,11,85,0,0,0,0,1404,4,25,Matches
45,Luiz Araújo,br BRA,FW,Atlanta Utd,26,1996,14.1,536,512,21,5,0,12,26,11,5,0,2,0,417,3,15,Matches
46,Miguel Araujo,pe PER,DF,Portland Timbers,28,1994,1.9,101,97,4,4,0,1,0,0,0,0,0,0,90,0,0,Matches
47,Scott Arfield,ca CAN,"MF,FW",Charlotte,34,1988,4.6,196,189,6,1,0,1,3,1,0,0,0,0,156,1,3,Matches
48,Maximilian Arfsten,us USA,"DF,MF",Columbus Crew,21,2001,3.1,125,110,14,0,0,1,9,14,0,0,0,0,95,1,5,Matches
49,Santiago Arias,co COL,DF,FC Cincinnati,31,1992,18.4,888,742,144,7,3,5,36,137,0,0,0,0,649,2,40,Matches
50,Xavier Arreaga,ec ECU,"DF,MF",Seattle,28,1994,3.9,207,200,6,5,0,1,0,1,0,0,0,0,173,1,2,Matches
Rk,Player,Nation,Pos,Squad,Age,Born,90s,Att,Live,Dead,FK,TB,Sw,Crs,TI,CK,In,Out,Str,Cmp,Off,Blocks,Matches
51,Kervin Arriaga,hn HON,MF,Minnesota Utd,25,1998,13.0,650,633,17,16,2,7,6,1,0,0,0,0,517,0,8,Matches
52,Paul Arriola,us USA,"FW,MF",FC Dallas,27,1995,18.4,589,567,19,3,14,2,33,15,0,0,0,0,404,3,38,Matches
53,Dixon Arroyo,ec ECU,MF,Inter Miami,30,1992,19.9,1182,1155,25,23,2,26,3,1,0,0,0,0,1037,2,22,Matches
54,Artur,br BRA,MF,Dynamo FC,26,1996,30.3,1664,1619,42,39,1,20,13,3,0,0,0,0,1491,3,17,Matches
55,Yamil Asad,ar ARG,"MF,FW",D.C. United,28,1994,5.8,264,249,13,2,1,0,10,5,3,2,0,0,197,2,6,Matches
56,Dairon Asprilla,co COL,"FW,MF",Portland Timbers,30,1992,16.1,490,481,9,1,1,9,42,8,0,0,0,0,329,0,19,Matches
57,Joshua Atencio,us USA,MF,Seattle,21,2002,10.9,597,587,7,6,1,3,9,1,0,0,0,0,474,3,14,Matches
58,Julián Aude,ar ARG,DF,LA Galaxy,19,2003,13.3,741,641,99,9,0,4,23,90,0,0,0,0,611,1,20,Matches
59,Tomás Avilés,ar ARG,DF,Inter Miami,18,2004,9.7,592,573,17,14,1,5,2,3,0,0,0,0,498,2,9,Matches
60,David Ayala,ar ARG,MF,Portland Timbers,20,2002,1.8,80,79,0,0,0,1,1,0,0,0,0,0,59,1,2,Matches
61,Edison Azcona,do DOM,"MF,DF",Inter Miami,19,2003,0.6,37,31,6,1,0,0,2,5,0,0,0,0,26,0,4,Matches
62,Dominique Badji,sn SEN,FW,FC Cincinnati,30,1992,10.2,196,192,2,0,0,0,3,0,0,0,0,0,148,2,4,Matches
63,Corey Baird,us USA,FW,Dynamo FC,27,1996,25.9,662,628,33,2,7,0,15,11,0,0,0,0,509,1,21,Matches
64,Esmir Bajraktarevic,us USA,"FW,MF",New England,17,2005,5.5,168,160,8,1,0,0,12,1,6,1,2,0,127,0,9,Matches
65,Cody Baker,us USA,DF,Seattle,19,2004,7.6,467,394,72,3,1,2,13,69,0,0,0,0,366,1,16,Matches
66,Reed Baker-Whiting,us USA,"DF,FW",Seattle,17,2005,7.1,412,358,54,1,0,1,28,53,0,0,0,0,319,0,5,Matches
67,Monsef Bakrar,dz ALG,FW,NYCFC,22,2001,8.4,111,104,7,0,1,0,3,1,0,0,0,0,66,0,4,Matches
68,Michael Baldisimo,ca CAN,MF,San Jose,22,2000,3.3,147,141,6,5,0,0,3,1,0,0,0,0,128,0,3,Matches
69,Thai Baribo,il ISR,"FW,MF",Philadelphia,25,1998,1.7,35,34,1,0,0,0,0,0,0,0,0,0,26,0,0,Matches
70,Tom Barlow,us USA,FW,NY Red Bulls,27,1995,20.5,403,390,11,0,1,0,5,1,0,0,0,0,256,2,11,Matches
71,Luis Barraza,us USA,GK,NYCFC,26,1996,24.0,1098,844,248,71,0,3,0,0,0,0,0,0,886,6,0,Matches
72,Álvaro Barreal,ar ARG,DF,FC Cincinnati,22,2000,31.3,1837,1419,411,83,7,39,219,260,68,37,30,0,1330,7,39,Matches
73,Michael Barrios,co COL,"FW,MF",Colorado Rapids,31,1991,9.3,198,183,15,1,2,2,21,7,0,0,0,0,125,0,10,Matches
74,Michael Barrios,co COL,"FW,MF",LA Galaxy,31,1991,1.3,40,39,1,0,0,0,3,1,0,0,0,0,31,0,2,Matches
75,Lucas Bartlett,us USA,DF,St. Louis,25,1997,11.9,477,452,20,15,0,4,1,5,0,0,0,0,372,5,3,Matches
Rk,Player,Nation,Pos,Squad,Age,Born,90s,Att,Live,Dead,FK,TB,Sw,Crs,TI,CK,In,Out,Str,Cmp,Off,Blocks,Matches
76,Ethan Bartlow,us USA,DF,Dynamo FC,22,2000,22.1,1139,1098,34,18,5,14,6,8,0,0,0,0,929,7,9,Matches
77,Cole Bassett,us USA,"MF,FW",Colorado Rapids,21,2001,21.1,812,766,42,8,3,20,32,22,8,5,3,0,654,4,18,Matches
78,Amine Bassi,fr FRA,"MF,FW",Dynamo FC,25,1997,22.2,1194,1150,41,11,13,15,41,6,13,3,7,0,1031,3,12,Matches
79,Jesús Batiz,us USA,"MF,FW",Toronto FC,23,1999,0.7,19,19,0,0,0,0,0,0,0,0,0,0,16,0,2,Matches
80,Josh Bauer,us USA,DF,Nashville,24,1998,5.8,284,279,5,4,0,0,1,1,0,0,0,0,245,0,2,Matches
81,Tanner Beason,us USA,DF,San Jose,25,1997,15.6,665,632,31,21,0,4,1,10,0,0,0,0,548,2,8,Matches
82,Gavin Beavers,us USA,GK,Real Salt Lake,17,2005,6.5,183,118,64,13,0,0,0,0,0,0,0,0,131,1,0,Matches
83,Simon Becher,us USA,"FW,MF",Vancouver,23,1999,6.8,108,95,12,0,0,1,2,0,0,0,0,0,73,1,2,Matches
84,Alejandro Bedoya,us USA,MF,Philadelphia,35,1987,22.3,912,869,37,4,5,4,35,32,0,0,0,0,644,6,30,Matches
85,Steven Beitashour,ir IRN,DF,Colorado Rapids,35,1987,6.7,308,248,59,5,0,1,2,54,0,0,0,0,252,1,6,Matches
86,Jon Bell,jm JAM,DF,St. Louis,25,1997,1.6,65,61,4,4,0,0,0,0,0,0,0,0,50,0,1,Matches
87,Zaydan Bello,au AUS,MF,Minnesota Utd,20,2002,0.2,6,6,0,0,0,0,1,0,0,0,0,0,3,0,1,Matches
88,Nico Benalcázar,us USA,MF,NYCFC,21,2001,0.1,3,3,0,0,0,0,0,0,0,0,0,0,3,0,0,Matches
89,Ben Bender,us USA,"MF,FW",Charlotte,21,2001,10.1,361,349,9,1,3,3,32,3,3,2,0,0,271,3,13,Matches
90,Joe Bendik,us USA,GK,Philadelphia,33,1989,7.6,166,87,79,13,0,1,0,0,0,0,0,0,106,0,1,Matches
91,Christian Benteke,be BEL,FW,D.C. United,32,1990,31.0,769,733,34,2,0,11,2,3,0,0,0,0,490,2,17,Matches
92,Sebastian Berhalter,us USA,MF,Vancouver,21,2001,14.4,742,689,52,26,3,12,48,6,19,11,4,0,597,1,12,Matches
93,Federico Bernardeschi,it ITA,"FW,MF",Toronto FC,28,1994,28.9,1073,929,141,25,7,14,110,43,70,45,10,0,791,3,37,Matches
94,Miguel Berry,es ESP,FW,Atlanta Utd,25,1997,11.5,145,114,30,0,0,1,3,2,0,0,0,0,115,1,3,Matches
95,Aaron Bibout,cm CMR,FW,LA Galaxy,18,2004,0.3,10,9,1,0,0,0,0,0,0,0,0,0,8,0,0,Matches
96,David Bingham,us USA,GK,Portland Timbers,33,1989,19.0,652,455,194,69,0,3,0,0,0,0,0,0,435,3,1,Matches
97,Steve Birnbaum,us USA,DF,D.C. United,32,1991,17.9,763,744,16,13,0,0,0,2,0,0,0,0,637,3,4,Matches
98,Stipe Biuk,hr CRO,FW,Los Angeles FC,20,2002,14.9,438,430,4,1,3,0,15,3,0,0,0,0,323,4,12,Matches
99,Tristan Blackmon,us USA,DF,Vancouver,26,1996,28.0,1616,1530,82,36,0,15,0,45,0,0,0,0,1401,4,8,Matches
100,Andre Blake,jm JAM,GK,Philadelphia,32,1990,26.4,616,399,217,54,0,1,0,0,0,0,0,0,442,0,0,Matches
Rk,Player,Nation,Pos,Squad,Age,Born,90s,Att,Live,Dead,FK,TB,Sw,Crs,TI,CK,In,Out,Str,Cmp,Off,Blocks,Matches
101,Sebastián Blanco,ar ARG,"FW,MF",Portland Timbers,34,1988,4.9,209,202,6,1,1,2,36,4,0,0,0,0,137,1,6,Matches
102,Latif Blessing,gh GHA,"FW,MF",Toronto FC,26,1996,1.7,59,57,2,0,0,1,0,2,0,0,0,0,50,0,1,Matches
103,Latif Blessing,gh GHA,MF,New England,26,1996,11.5,467,459,7,3,1,5,2,2,0,0,0,0,404,1,8,Matches
104,Njabulo Blom,za RSA,MF,St. Louis,23,1999,21.3,726,714,12,9,1,3,6,3,0,0,0,0,600,0,12,Matches
105,Emmanuel Boateng,gh GHA,"FW,MF",New England,29,1994,16.0,563,536,25,4,1,0,76,17,4,0,2,0,429,2,21,Matches
106,Israel Boatwright,do DOM,"MF,DF",Inter Miami,17,2005,0.8,40,38,2,0,0,0,3,2,0,0,0,0,30,0,1,Matches
107,Mateusz Bogusz,pl POL,"MF,FW",Los Angeles FC,21,2001,19.3,798,709,88,15,3,6,75,12,49,25,19,0,632,1,18,Matches
108,Franck Boli,ci CIV,FW,Portland Timbers,29,1993,16.2,249,228,21,0,3,1,5,1,0,0,0,0,173,0,13,Matches
109,Joshua Bolma,gh GHA,MF,New England,20,2002,0.3,23,23,0,0,0,0,0,0,0,0,0,0,22,0,0,Matches
110,Moïse Bombito,ca CAN,DF,Colorado Rapids,22,2000,8.3,362,333,28,7,1,8,2,21,0,0,0,0,313,1,3,Matches
111,Jonathan Bond,eng ENG,GK,LA Galaxy,29,1993,22.8,778,583,194,39,0,1,0,0,0,0,0,0,646,1,0,Matches
112,Pablo Bonilla,ve VEN,DF,Portland Timbers,23,1999,0.8,27,19,8,0,0,0,5,8,0,0,0,0,16,0,1,Matches
113,Alex Bono,us USA,GK,D.C. United,28,1994,9.5,418,297,120,37,0,1,0,0,0,0,0,0,297,1,0,Matches
114,Shanyder Borgelin,ht HAI,FW,Inter Miami,21,2001,1.6,22,21,1,0,0,0,0,1,0,0,0,0,10,0,0,Matches
115,Dylan Borrero,co COL,"FW,MF",New England,21,2002,5.7,213,205,7,1,1,2,29,3,2,1,1,0,152,1,5,Matches
116,Gustavo Bou,ar ARG,"FW,MF",New England,32,1990,14.0,441,392,47,12,4,12,45,5,16,3,3,0,305,2,14,Matches
117,Denis Bouanga,ga GAB,FW,Los Angeles FC,28,1994,28.1,788,741,46,2,7,11,74,18,16,10,0,0,517,1,30,Matches
118,Ousseni Bouda,bf BFA,"FW,MF",San Jose,22,2000,1.7,56,54,2,0,0,0,3,1,0,0,0,0,41,0,4,Matches
119,Aaron Boupendza,ga GAB,FW,FC Cincinnati,26,1996,6.7,156,153,2,0,0,4,2,1,0,0,0,0,116,1,5,Matches
120,Michael Boxall,nz NZL,DF,Minnesota Utd,34,1988,31.7,1430,1364,63,54,0,8,2,9,0,0,0,0,1255,3,8,Matches
121,Tyler Boyd,us USA,"FW,MF",LA Galaxy,28,1994,25.8,814,774,38,6,2,15,114,7,25,10,12,1,605,2,41,Matches
122,Michael Bradley,us USA,"MF,DF",Toronto FC,35,1987,16.0,868,814,49,45,1,4,1,1,1,1,0,0,775,5,10,Matches
123,Christopher Brady,us USA,GK,Chicago Fire,18,2004,29.3,784,476,307,75,0,3,0,0,0,0,0,0,521,1,0,Matches
124,Zachary Brault-Guillard,ca CAN,"DF,MF",CF Montréal,24,1998,14.5,630,535,93,6,0,8,64,83,4,0,2,0,456,2,27,Matches
125,Claudio Bravo,ar ARG,DF,Portland Timbers,25,1997,25.9,1383,1139,240,16,0,12,62,224,0,0,0,0,987,4,43,Matches
Rk,Player,Nation,Pos,Squad,Age,Born,90s,Att,Live,Dead,FK,TB,Sw,Crs,TI,CK,In,Out,Str,Cmp,Off,Blocks,Matches
126,Luke Brennan,us USA,MF,Atlanta Utd,17,2005,0.0,1,1,0,0,0,0,0,0,0,0,0,0,1,0,0,Matches
127,Brenner,br BRA,FW,FC Cincinnati,23,2000,5.9,226,217,8,0,0,2,1,0,0,0,0,0,191,1,4,Matches
128,Ethan Bristow,kn SKN,DF,Minnesota Utd,21,2001,6.0,252,192,60,1,0,0,16,59,0,0,0,0,190,0,10,Matches
129,Andrew Brody,us USA,DF,Real Salt Lake,27,1995,25.2,1349,1152,188,17,2,5,75,171,0,0,0,0,1076,9,23,Matches
130,Brandt Bronico,us USA,MF,Charlotte,27,1995,28.8,1140,1094,41,23,1,9,29,15,0,0,0,0,909,5,36,Matches
131,Javain Brown,jm JAM,DF,Vancouver,23,1999,19.6,1100,932,167,23,0,4,49,144,0,0,0,0,843,1,16,Matches
132,Gastón Brugman,uy URU,MF,LA Galaxy,30,1992,21.1,1584,1508,75,63,10,16,19,1,8,6,1,0,1392,1,25,Matches
133,Will Bruin,us USA,FW,Austin,33,1989,3.9,62,56,6,0,0,0,0,0,0,0,0,0,51,0,3,Matches
134,Noel Buck,eng ENG,"MF,FW",New England,17,2005,19.5,788,763,22,15,1,10,9,6,1,0,0,0,651,3,18,Matches
135,Teal Bunbury,us USA,FW,Nashville,32,1990,18.3,389,378,9,1,0,0,16,1,0,0,0,0,246,2,13,Matches
136,Cory Burke,jm JAM,FW,NY Red Bulls,31,1991,10.8,194,184,9,0,1,2,5,1,0,0,0,0,91,1,6,Matches
137,Roman Bürki,ch SUI,GK,St. Louis,32,1990,33.0,1164,803,354,109,0,4,0,0,0,0,0,0,721,7,1,Matches
138,Kendall Burks,us USA,"DF,MF",Chicago Fire,23,1999,5.7,206,194,11,3,0,5,1,8,0,0,0,0,169,1,2,Matches
139,Sergio Busquets,es ESP,MF,Inter Miami,34,1988,10.3,724,691,33,32,5,3,1,1,0,0,0,0,646,0,12,Matches
140,Brandon Bye,us USA,DF,New England,27,1995,18.5,984,801,180,15,1,3,77,165,0,0,0,0,706,3,41,Matches
141,Nathan Byrne,eng ENG,DF,Charlotte,30,1992,28.9,1672,1368,302,62,1,10,45,240,0,0,0,0,1357,2,23,Matches
142,Jorge Cabezas,co COL,"FW,MF",NY Red Bulls,19,2003,1.3,25,24,1,0,0,0,0,0,0,0,0,0,18,0,0,Matches
143,Kevin Cabral,fr FRA,"FW,MF",Colorado Rapids,23,1999,13.1,246,229,17,1,2,1,13,4,0,0,0,0,183,0,8,Matches
144,Rémi Cabral,fr FRA,DF,Colorado Rapids,23,1999,0.1,5,5,0,0,0,0,0,0,0,0,0,0,5,0,0,Matches
145,Martín Cáceres,uy URU,DF,LA Galaxy,35,1987,14.5,855,805,49,31,0,12,0,15,0,0,0,0,771,1,6,Matches
146,Deiber Caicedo,co COL,"MF,FW",Vancouver,22,2000,2.2,95,88,6,1,1,0,11,4,1,1,0,0,69,1,6,Matches
147,Luís Caicedo,co COL,MF,Dynamo FC,26,1996,13.5,599,582,17,15,1,1,0,2,0,0,0,0,518,0,7,Matches
148,Scott Caldwell,us USA,MF,Real Salt Lake,31,1991,1.9,68,68,0,0,0,0,0,0,0,0,0,0,55,0,0,Matches
149,Lucas Calegari,br BRA,DF,LA Galaxy,20,2002,21.5,1270,1091,178,32,1,7,31,145,1,0,1,0,1093,1,28,Matches
150,Noel Caliskan,de GER,MF,Portland Timbers,22,2000,2.9,106,105,1,1,0,0,0,0,0,0,0,0,92,0,2,Matches
Rk,Player,Nation,Pos,Squad,Age,Born,90s,Att,Live,Dead,FK,TB,Sw,Crs,TI,CK,In,Out,Str,Cmp,Off,Blocks,Matches
151,Drake Callender,us USA,GK,Inter Miami,25,1997,33.0,1143,810,330,78,0,2,0,0,0,0,0,0,811,3,1,Matches
152,Rudy Camacho,fr FRA,DF,Columbus Crew,31,1991,8.8,615,583,31,20,1,1,0,1,0,0,0,0,559,1,2,Matches
153,Rudy Camacho,fr FRA,"DF,MF",CF Montréal,31,1991,17.9,1088,1035,48,41,0,5,0,6,0,0,0,0,939,5,8,Matches
154,Brandon Cambridge,us USA,"FW,DF",Charlotte,20,2002,1.5,44,43,1,0,0,0,7,1,0,0,0,0,37,0,1,Matches
155,Leonardo Campana,ec ECU,FW,Inter Miami,22,2000,18.2,439,403,30,4,6,6,7,2,0,0,0,0,340,6,13,Matches
156,George Campbell,us USA,DF,CF Montréal,21,2001,20.6,1191,1113,75,37,4,16,3,38,0,0,0,0,986,3,10,Matches
157,Russell Canouse,us USA,MF,D.C. United,27,1995,24.6,1092,1047,42,18,1,3,6,2,1,0,1,0,928,3,13,Matches
158,Antonio Carlos,br BRA,DF,Orlando City,29,1993,15.7,728,665,59,56,0,16,0,3,0,0,0,0,627,4,5,Matches
159,Wikelman Carmona,ve VEN,"FW,MF",NY Red Bulls,19,2003,7.4,214,205,8,4,0,3,11,0,4,4,0,0,152,1,11,Matches
160,Julián Carranza,ar ARG,FW,Philadelphia,22,2000,27.6,714,677,35,5,3,2,19,5,0,0,0,0,502,2,31,Matches
161,Adalberto Carrasquilla,pa PAN,"FW,MF",Dynamo FC,24,1998,22.6,1027,979,38,12,14,10,50,7,14,8,5,0,774,10,15,Matches
162,Wilder Cartagena,pe PER,MF,Orlando City,28,1994,21.1,1050,1030,17,16,2,15,5,1,0,0,0,0,926,3,12,Matches
163,Javier Casas,us USA,MF,Chicago Fire,19,2003,0.6,24,24,0,0,0,0,1,0,0,0,0,0,19,0,0,Matches
164,Julio Cascante,cr CRC,DF,Austin,29,1993,22.9,1479,1442,34,29,1,14,0,4,0,0,0,0,1297,3,5,Matches
165,Cristian Cásseres Jr.,ve VEN,MF,NY Red Bulls,23,2000,16.0,782,664,115,63,6,4,80,8,43,29,5,3,573,3,12,Matches
166,Robert Castellanos,us USA,DF,Sporting KC,24,1998,7.8,443,434,9,7,0,4,0,1,0,0,0,0,367,0,5,Matches
167,Roman Celentano,us USA,GK,FC Cincinnati,22,2000,33.0,820,480,339,79,0,1,0,0,0,0,0,0,566,1,1,Matches
168,Edwin Cerrillo,us USA,MF,FC Dallas,22,2000,15.1,900,879,16,12,1,4,4,4,0,0,0,0,780,5,11,Matches
169,Edwin Cerrillo,us USA,MF,LA Galaxy,22,2000,9.0,583,575,8,6,0,4,3,1,0,0,0,0,541,0,5,Matches
170,Tomás Chancalay,ar ARG,"FW,MF",New England,24,1999,9.5,342,329,12,2,5,7,22,2,4,2,0,0,260,1,10,Matches
171,Maikel Chang,cu CUB,"MF,FW",Real Salt Lake,31,1991,11.3,540,464,74,15,1,6,95,28,30,24,2,0,371,2,17,Matches
172,Maxime Chanot,lu LUX,DF,NYCFC,33,1989,19.0,1204,1145,57,52,1,21,0,5,0,0,0,0,1056,2,5,Matches
173,Diego Chará,co COL,MF,Portland Timbers,36,1986,28.5,1260,1204,56,52,4,10,7,4,0,0,0,0,1100,0,13,Matches
174,Yimmi Chará,co COL,FW,Portland Timbers,31,1991,8.2,302,292,9,3,1,4,13,2,4,1,1,0,238,1,14,Matches
175,Yevhen Cheberko,ua UKR,DF,Columbus Crew,25,1998,2.2,128,121,6,2,0,3,0,2,0,0,0,0,118,1,0,Matches
Rk,Player,Nation,Pos,Squad,Age,Born,90s,Att,Live,Dead,FK,TB,Sw,Crs,TI,CK,In,Out,Str,Cmp,Off,Blocks,Matches
176,Giorgio Chiellini,it ITA,DF,Los Angeles FC,38,1984,15.2,1010,960,44,29,3,5,2,12,0,0,0,0,837,6,7,Matches
177,Mathieu Choiniere,ca CAN,"MF,DF",CF Montréal,23,1999,27.0,1176,996,177,27,2,7,119,79,69,28,24,1,887,3,30,Matches
178,Léo Chú,br BRA,FW,Seattle,22,2000,22.8,690,675,13,0,4,2,90,13,0,0,0,0,466,2,33,Matches
179,José Cifuentes,ec ECU,MF,Los Angeles FC,23,1999,15.1,778,757,14,7,9,9,26,6,0,0,0,0,582,7,25,Matches
180,Cam Cilley,us USA,"FW,MF",San Jose,22,2000,0.0,5,5,0,0,0,0,0,0,0,0,0,0,2,0,1,Matches
181,Abdoulaye Cissoko,fr FRA,DF,Seattle,23,1999,1.0,76,73,3,3,0,1,0,0,0,0,0,0,70,0,0,Matches
182,Steve Clark,us USA,GK,Dynamo FC,36,1986,33.0,1104,817,283,61,0,2,0,0,0,0,0,0,886,4,1,Matches
183,Stefan Cleveland,us USA,GK,Seattle,28,1994,2.0,47,22,24,6,0,0,0,0,0,0,0,0,41,1,0,Matches
184,Noah Cobb,us USA,DF,Atlanta Utd,17,2005,2.2,148,144,4,4,0,3,0,0,0,0,0,0,128,0,2,Matches
185,Alonso Coello,es ESP,MF,Toronto FC,23,1999,14.3,1010,976,31,28,4,5,15,0,2,1,0,0,876,3,11,Matches
186,Jackson Conway,us USA,FW,Atlanta Utd,21,2001,0.6,10,8,2,0,0,0,0,0,0,0,0,0,8,0,1,Matches
187,Enzo Copetti,ar ARG,FW,Charlotte,27,1996,22.0,545,517,28,0,2,4,14,4,0,0,0,0,350,0,19,Matches
188,Gabriele Corbo,it ITA,DF,CF Montréal,23,2000,25.4,1281,1146,130,41,1,58,10,89,0,0,0,0,1046,5,9,Matches
189,Sergio Córdova,ve VEN,"FW,MF",Vancouver,25,1997,9.4,178,172,6,0,0,2,9,2,0,0,0,0,128,0,3,Matches
190,Carlos Coronel,py PAR,GK,NY Red Bulls,26,1996,34.0,1017,660,349,148,0,0,0,0,0,0,0,0,513,8,0,Matches
191,Guzmán Corujo,uy URU,DF,Charlotte,26,1996,3.9,161,155,6,5,0,2,0,0,0,0,0,0,129,0,1,Matches
192,Douglas Costa,br BRA,"FW,MF",LA Galaxy,32,1990,13.5,761,676,84,22,2,14,88,7,53,36,13,0,587,1,24,Matches
193,Séga Coulibaly,fr FRA,DF,LA Galaxy,26,1996,1.0,59,58,1,1,0,0,0,0,0,0,0,0,53,0,0,Matches
194,Cade Cowell,us USA,FW,San Jose,19,2003,17.1,387,378,7,0,2,2,44,6,0,0,0,0,243,2,18,Matches
195,Ben Cremaschi,us USA,"MF,FW",Inter Miami,17,2005,19.9,848,814,32,9,9,2,15,17,2,0,0,0,712,2,21,Matches
196,Maxime Crépeau,ca CAN,GK,Los Angeles FC,28,1994,7.0,217,150,67,22,0,0,0,0,0,0,0,0,170,0,0,Matches
197,Daniel Crisostomo,us USA,MF,Los Angeles FC,26,1997,3.1,148,144,4,4,0,0,2,0,0,0,0,0,131,0,2,Matches
198,Andrés Cubas,py PAR,MF,Vancouver,26,1996,23.8,1219,1191,27,26,2,29,1,1,0,0,0,0,1056,1,10,Matches
199,Cucho,co COL,FW,Columbus Crew,23,1999,26.3,889,835,49,0,10,19,49,9,2,0,0,0,611,5,36,Matches
200,Mauricio Cuevas,us USA,DF,LA Galaxy,19,2003,4.7,258,229,29,2,1,1,19,27,0,0,0,0,212,0,4,Matches
Rk,Player,Nation,Pos,Squad,Age,Born,90s,Att,Live,Dead,FK,TB,Sw,Crs,TI,CK,In,Out,Str,Cmp,Off,Blocks,Matches
201,Braian Cufré,ar ARG,DF,NYCFC,26,1996,20.7,946,765,176,14,1,2,47,162,0,0,0,0,745,5,24,Matches
202,Antony Curic,ca CAN,DF,Toronto FC,22,2001,0.0,2,2,0,0,0,0,0,0,0,0,0,0,2,0,0,Matches
203,Rafael Czichos,de GER,DF,Chicago Fire,32,1990,27.9,1258,1180,74,71,1,4,4,3,0,0,0,0,1061,4,8,Matches
204,Cristián Dajome,co COL,"FW,DF",D.C. United,29,1994,8.7,251,240,9,2,0,1,21,7,0,0,0,0,176,2,13,Matches
205,Cristián Dajome,co COL,"MF,FW",Vancouver,29,1994,3.3,111,109,2,1,1,0,11,1,0,0,0,0,83,0,3,Matches
206,Dagur Dan Þórhallsson,is ISL,"DF,MF",Orlando City,22,2000,13.4,591,527,62,3,3,0,19,57,2,1,0,0,506,2,9,Matches
207,Daniel,br BRA,GK,San Jose,28,1994,21.6,529,298,229,41,0,3,0,0,0,0,0,0,406,2,0,Matches
208,Jesús Daniel Bueno,ve VEN,MF,Philadelphia,23,1999,10.7,458,442,12,6,1,3,8,3,3,0,3,0,375,4,5,Matches
209,Juan David Mosquera,co COL,DF,Portland Timbers,20,2002,26.7,1428,1136,290,22,0,18,96,265,3,0,0,0,1128,2,38,Matches
210,Bode Davis,us USA,DF,Real Salt Lake,20,2002,13.1,765,638,125,6,1,9,28,116,3,0,0,0,601,2,21,Matches
211,Erick Davis,pa PAN,DF,D.C. United,31,1991,6.0,343,271,67,16,0,2,32,45,6,5,0,0,242,5,6,Matches
212,Jake Davis,us USA,DF,Sporting KC,21,2002,22.6,1326,1105,217,17,0,10,50,200,0,0,0,0,1081,4,22,Matches
213,Sean Davis,us USA,MF,Nashville,29,1993,20.8,782,773,6,3,0,4,7,2,1,0,0,0,655,3,14,Matches
214,Jonathan Dean,us USA,DF,Chicago Fire,25,1997,15.3,654,544,108,4,1,0,30,104,0,0,0,0,502,2,21,Matches
215,Miloš Degenek,au AUS,DF,Columbus Crew,28,1994,9.5,601,548,52,37,1,7,3,4,0,0,0,0,516,1,3,Matches
216,Brecht Dejaegere,be BEL,"FW,MF",Charlotte,31,1991,5.3,205,193,9,2,1,0,11,5,0,0,0,0,160,3,3,Matches
217,Marky Delgado,us USA,MF,LA Galaxy,27,1995,25.7,1527,1494,29,11,6,5,49,14,2,0,0,0,1302,4,27,Matches
218,Luis Díaz,cr CRC,FW,Colorado Rapids,24,1998,1.0,36,36,0,0,0,0,9,0,0,0,0,0,23,0,4,Matches
219,Luis Díaz,cr CRC,"DF,MF",Columbus Crew,24,1998,0.9,40,38,2,0,0,0,4,2,0,0,0,0,30,0,0,Matches
220,Bakaye Dibassy,ml MLI,DF,Minnesota Utd,33,1989,5.3,210,196,14,4,0,0,4,10,0,0,0,0,180,0,0,Matches
221,Adama Diomande,no NOR,FW,Toronto FC,32,1990,1.8,45,43,2,0,0,1,1,0,0,0,0,0,32,0,0,Matches
222,Clément Diop,sn SEN,GK,Atlanta Utd,29,1993,1.5,47,32,14,5,0,0,0,0,0,0,0,0,41,1,0,Matches
223,Hamady Diop,sn SEN,"DF,MF",Charlotte,20,2002,0.4,13,11,2,0,0,0,0,2,0,0,0,0,8,0,0,Matches
224,Sofiane Djeffal,fr FRA,MF,Austin,23,1999,3.5,129,128,1,0,2,1,1,0,0,0,0,0,106,0,2,Matches
225,Ethan Dobbelaere,us USA,FW,Seattle,20,2002,1.1,30,29,1,0,0,0,1,1,0,0,0,0,25,0,2,Matches
Rk,Player,Nation,Pos,Squad,Age,Born,90s,Att,Live,Dead,FK,TB,Sw,Crs,TI,CK,In,Out,Str,Cmp,Off,Blocks,Matches
226,Ronald Donkor,ml MLI,"MF,DF",NY Red Bulls,18,2004,0.5,21,19,2,0,0,0,2,1,1,0,0,0,12,0,1,Matches
227,Christopher Donovan,us USA,FW,Philadelphia,22,2000,4.3,114,110,4,0,0,0,3,0,0,0,0,0,72,0,5,Matches
228,Griffin Dorsey,us USA,DF,Dynamo FC,23,1999,11.4,509,441,67,6,1,1,32,61,0,0,0,0,412,1,14,Matches
229,C.J. dos Santos,us USA,GK,Inter Miami,22,2000,1.0,59,53,5,0,0,0,0,0,0,0,0,0,42,1,0,Matches
230,Hassani Dotson,us USA,"MF,FW",Minnesota Utd,25,1997,28.6,1240,1203,32,13,1,14,31,16,0,0,0,0,1002,5,29,Matches
231,Ousmane Doumbia,ci CIV,MF,Chicago Fire,30,1992,9.0,412,406,4,4,2,4,6,0,0,0,0,0,352,2,7,Matches
232,Sebastián Driussi,ar ARG,"MF,FW",Austin,26,1996,25.6,879,797,73,18,6,12,42,8,3,0,0,0,705,9,22,Matches
233,Erik Duenas,us USA,"MF,DF",Los Angeles FC,18,2004,8.4,395,369,23,3,3,1,3,18,0,0,0,0,339,3,10,Matches
234,Bryce Duke,us USA,MF,Inter Miami,21,2001,4.9,323,305,18,7,2,2,3,3,2,1,0,0,274,0,10,Matches
235,Bryce Duke,us USA,"MF,FW",CF Montréal,21,2001,16.3,675,587,84,26,5,4,59,6,37,8,19,2,478,4,14,Matches
236,Cameron Duke,us USA,DF,Sporting KC,21,2001,1.5,91,75,16,0,0,0,4,16,0,0,0,0,70,0,2,Matches
237,Cameron Dunbar,us USA,"MF,FW",Minnesota Utd,20,2002,1.3,26,20,6,0,0,0,9,1,4,2,2,0,13,0,0,Matches
238,Kyle Duncan,us USA,DF,NY Red Bulls,25,1997,20.5,924,697,225,14,1,2,36,211,0,0,0,0,612,2,25,Matches
239,Chris Durkin,us USA,MF,D.C. United,22,2000,21.9,757,711,44,3,4,7,53,33,0,0,0,0,549,2,19,Matches
240,Jeremy Ebobisse,us USA,FW,San Jose,25,1997,32.9,718,640,72,1,5,10,16,0,0,0,0,0,548,6,17,Matches
241,Daniel Edelman,us USA,MF,NY Red Bulls,19,2003,20.6,954,927,26,18,2,19,8,5,3,1,2,0,740,1,12,Matches
242,Earl Edwards Jr.,us USA,GK,New England,31,1992,10.0,346,223,120,20,0,1,0,0,0,0,0,0,243,3,0,Matches
243,Raheem Edwards,ca CAN,DF,LA Galaxy,27,1995,20.8,1099,976,119,22,4,7,49,97,0,0,0,0,903,4,34,Matches
244,Jack Elliott,eng ENG,DF,Philadelphia,27,1995,31.0,1328,1264,56,44,0,23,1,2,0,0,0,0,1079,8,4,Matches
245,Herbert Endeley,us USA,"MF,FW",FC Dallas,21,2001,2.4,59,50,9,1,0,0,3,8,0,0,0,0,44,0,0,Matches
246,Emeka Eneli,us USA,"DF,MF",Real Salt Lake,23,1999,14.7,708,611,93,7,0,0,13,86,0,0,0,0,615,4,14,Matches
247,Ramiro Enrique,ar ARG,FW,Orlando City,21,2001,11.5,262,248,14,0,1,0,7,0,0,0,0,0,187,0,6,Matches
248,Franco Escobar,ar ARG,DF,Dynamo FC,27,1995,24.7,1182,1006,172,10,0,2,29,162,0,0,0,0,993,4,20,Matches
249,Cristian Espinoza,ar ARG,"FW,MF",San Jose,27,1995,33.7,1560,1285,271,37,7,16,374,35,198,50,108,1,1027,4,87,Matches
250,Roger Espinoza,hn HON,MF,Sporting KC,36,1986,8.1,419,408,11,5,4,5,13,6,0,0,0,0,325,0,7,Matches
Rk,Player,Nation,Pos,Squad,Age,Born,90s,Att,Live,Dead,FK,TB,Sw,Crs,TI,CK,In,Out,Str,Cmp,Off,Blocks,Matches
251,Derrick Etienne,ht HAI,"FW,MF",Atlanta Utd,26,1996,11.6,328,319,8,1,1,2,30,7,0,0,0,0,257,1,13,Matches
252,Evander,br BRA,"MF,FW",Portland Timbers,24,1998,24.5,1111,915,191,65,8,14,148,10,99,37,46,3,834,5,29,Matches
253,Diego Fagúndez,uy URU,"FW,MF",Austin,27,1995,11.4,422,335,86,22,0,4,52,9,55,20,9,0,328,1,10,Matches
254,Diego Fagúndez,uy URU,"FW,MF",LA Galaxy,27,1995,6.4,251,217,32,7,2,2,35,6,16,8,7,0,194,2,12,Matches
255,José Fajardo,pa PAN,"FW,MF",D.C. United,29,1993,2.7,45,43,2,0,0,0,0,1,0,0,0,0,31,0,3,Matches
256,Mamadou Fall,sn SEN,DF,Los Angeles FC,20,2002,1.0,62,61,1,0,1,1,0,0,0,0,0,0,47,0,1,Matches
257,Marco Farfan,us USA,DF,FC Dallas,24,1998,29.8,1328,1089,235,33,1,5,58,200,2,1,0,0,1100,4,33,Matches
258,Jordan Faria,ca CAN,FW,Toronto FC,22,2000,0.3,10,6,4,0,0,0,1,3,1,0,1,0,8,0,1,Matches
259,Facundo Farías,ar ARG,"FW,MF",Inter Miami,20,2002,9.3,421,396,24,6,3,2,26,3,14,7,3,1,328,1,10,Matches
260,Andrew Farrell,us USA,DF,New England,30,1992,21.5,1024,959,63,36,1,27,5,27,0,0,0,0,879,2,10,Matches
261,Mohamed Farsi,ca CAN,"DF,MF",Columbus Crew,23,1999,24.0,1223,1003,219,22,0,4,49,197,0,0,0,0,1015,1,31,Matches
262,Felipe,br BRA,MF,Orlando City,32,1990,6.3,365,341,23,19,3,2,9,0,4,3,0,0,306,1,10,Matches
263,Julián Fernández,ar ARG,"FW,MF",NYCFC,19,2004,3.6,195,172,22,0,2,0,19,7,15,12,0,0,144,1,5,Matches
264,Omir Fernandez,us USA,"MF,FW",NY Red Bulls,23,1999,19.4,414,385,26,0,4,0,10,17,0,0,0,0,318,3,13,Matches
265,Jesús Ferreira,us USA,FW,FC Dallas,22,2000,25.2,959,779,168,47,8,9,115,22,67,10,44,0,679,12,13,Matches
266,Sebastián Ferreira,py PAR,FW,Dynamo FC,24,1998,3.4,97,92,5,0,0,0,1,1,0,0,0,0,71,0,4,Matches
267,Ethan Finlay,us USA,"FW,MF",Austin,32,1990,18.8,380,365,10,3,0,0,47,7,0,0,0,0,267,5,21,Matches
268,Nicolas Firmino,us USA,MF,Atlanta Utd,22,2001,0.0,9,9,0,0,0,0,0,0,0,0,0,0,8,0,0,Matches
269,Leon Flach,us USA,MF,Philadelphia,21,2001,19.9,489,470,17,6,0,4,10,11,0,0,0,0,381,2,14,Matches
270,Kristian Fletcher,us USA,"FW,MF",D.C. United,17,2005,1.5,48,47,1,0,0,1,1,1,0,0,0,0,33,0,4,Matches
271,Danny Flores,us USA,MF,Sporting KC,20,2002,0.1,2,2,0,0,0,1,0,0,0,0,0,0,1,0,0,Matches
272,CJ Fodrey,us USA,"DF,FW",Austin,18,2004,0.4,18,18,0,0,0,0,6,0,0,0,0,0,12,0,1,Matches
273,Nathan Fogaça,br BRA,FW,Portland Timbers,23,1999,6.3,162,148,13,3,0,1,4,3,0,0,0,0,114,1,6,Matches
274,Andreu Fontàs,es ESP,DF,Sporting KC,33,1989,26.6,1946,1910,32,29,1,8,0,2,0,0,0,0,1737,4,6,Matches
275,Ajani Fortune,tt TRI,MF,Atlanta Utd,20,2002,4.2,163,161,2,1,0,1,0,1,0,0,0,0,145,0,4,Matches
Rk,Player,Nation,Pos,Squad,Age,Born,90s,Att,Live,Dead,FK,TB,Sw,Crs,TI,CK,In,Out,Str,Cmp,Off,Blocks,Matches
276,Taxiarchis Fountas,gr GRE,"FW,MF",D.C. United,27,1995,12.2,302,290,7,0,0,1,6,1,0,0,0,0,232,5,10,Matches
277,Franco Fragapane,ar ARG,"MF,FW",Minnesota Utd,29,1993,14.8,598,537,57,14,6,3,47,5,30,18,5,0,446,4,19,Matches
278,Iván Franco,py PAR,"FW,MF",Dynamo FC,22,2000,11.8,366,360,6,2,3,1,7,4,0,0,0,0,268,0,13,Matches
279,Kobe Franklin,ca CAN,"DF,MF",Toronto FC,19,2003,24.1,1268,1084,179,20,2,17,31,159,0,0,0,0,1048,5,30,Matches
280,Liam Fraser,ca CAN,MF,FC Dallas,24,1998,4.1,222,215,6,6,0,2,6,0,0,0,0,0,187,1,2,Matches
281,Ian Fray,us USA,"DF,MF",Inter Miami,20,2002,7.3,432,391,39,20,3,6,5,19,0,0,0,0,371,2,8,Matches
282,Alexander Freeman,us USA,DF,Orlando City,18,2004,0.0,0,0,0,0,0,0,0,0,0,0,0,0,0,0,0,Matches
283,Matt Freese,us USA,GK,NYCFC,24,1998,10.0,389,291,97,16,0,0,0,0,0,0,0,0,293,1,0,Matches
284,Stefan Frei,ch SUI,GK,Seattle,36,1986,32.0,860,551,304,76,0,2,0,0,0,0,0,0,578,5,0,Matches
285,Ray Gaddis,us USA,DF,FC Cincinnati,33,1990,13.9,556,443,113,11,0,1,9,102,0,0,0,0,445,0,11,Matches
286,Julian Gaines,us USA,DF,Los Angeles FC,20,2002,0.7,24,19,5,0,0,0,0,5,0,0,0,0,23,0,0,Matches
287,McKinze Gaines,us USA,"FW,MF",Charlotte,24,1998,8.2,250,244,5,0,1,0,35,4,1,0,1,0,187,1,11,Matches
288,Jon Gallagher,ie IRL,"DF,MF",Austin,26,1996,31.0,1396,1185,210,7,0,12,102,203,0,0,0,0,1046,1,40,Matches
289,Pedro Gallese,pe PER,GK,Orlando City,32,1990,30.0,862,538,321,89,0,0,0,0,0,0,0,0,624,3,2,Matches
290,Braian Galván,ar ARG,"FW,DF",Colorado Rapids,22,2000,7.4,291,268,23,5,0,4,23,17,0,0,0,0,204,0,8,Matches
291,Mender García,co COL,"FW,MF",Minnesota Utd,24,1998,11.4,212,195,16,0,1,0,5,0,0,0,0,0,162,1,9,Matches
292,Chase Gasper,us USA,DF,Dynamo FC,27,1996,2.3,103,83,20,1,1,1,6,19,0,0,0,0,71,0,2,Matches
293,Ryan Gauld,sct SCO,"FW,MF",Vancouver,27,1995,29.2,1251,1113,129,32,9,8,167,8,71,47,10,0,936,9,25,Matches
294,Luka Gavran,ca CAN,GK,Toronto FC,22,2000,4.0,144,97,47,7,0,1,0,0,0,0,0,0,85,0,0,Matches
295,Dániel Gazdag,hu HUN,MF,Philadelphia,26,1996,30.3,1151,1082,58,17,28,4,29,1,8,5,2,0,876,11,29,Matches
296,Geovane,br BRA,DF,FC Dallas,21,2001,11.0,464,369,94,1,1,2,24,93,0,0,0,0,332,1,11,Matches
297,Alex Gersbach,au AUS,"DF,MF",Colorado Rapids,25,1997,2.9,123,100,23,0,0,0,5,23,0,0,0,0,83,0,4,Matches
298,Giorgos Giakoumakis,gr GRE,FW,Atlanta Utd,28,1994,19.8,351,322,28,1,7,1,3,0,0,0,0,0,248,1,14,Matches
299,Carles Gil,es ESP,MF,New England,30,1992,29.1,1845,1601,231,96,24,38,184,16,116,35,50,2,1429,13,29,Matches
300,Nacho Gil,es ESP,"FW,DF",New England,27,1995,5.8,203,192,9,2,1,0,17,6,1,0,0,0,158,2,10,Matches
Rk,Player,Nation,Pos,Squad,Age,Born,90s,Att,Live,Dead,FK,TB,Sw,Crs,TI,CK,In,Out,Str,Cmp,Off,Blocks,Matches
301,Gastón Giménez,py PAR,MF,Chicago Fire,31,1991,24.4,1227,1118,102,75,8,20,43,2,25,21,1,0,1010,7,14,Matches
302,Nicholas Gioacchini,us USA,"FW,MF",St. Louis,22,2000,23.3,557,526,29,0,1,3,3,7,0,0,0,0,373,2,21,Matches
303,Justen Glad,us USA,DF,Real Salt Lake,25,1997,30.2,1756,1682,70,59,1,39,3,10,0,0,0,0,1541,4,6,Matches
304,Jakob Glesnes,no NOR,DF,Philadelphia,28,1994,31.0,1266,1178,84,60,2,53,4,19,0,0,0,0,1008,4,6,Matches
305,Caden Glover,us USA,MF,St. Louis,15,2007,0.2,0,0,0,0,0,0,0,0,0,0,0,0,0,0,0,Matches
306,Aníbal Godoy,pa PAN,MF,Nashville,32,1990,18.5,1035,1000,31,26,2,30,7,4,0,0,0,0,927,4,13,Matches
307,Yeimar Gómez Andrade,co COL,DF,Seattle,30,1992,32.1,1724,1672,52,45,2,10,1,3,0,0,0,0,1451,0,17,Matches
308,Carlos Gómez,co COL,"MF,FW",Real Salt Lake,20,2002,15.5,411,393,15,0,4,0,54,5,10,0,1,0,273,3,20,Matches
309,Diego Gómez,py PAR,"MF,FW",Inter Miami,19,2003,4.6,197,191,4,1,0,0,1,2,1,0,0,0,156,2,5,Matches
310,Gaston Gonzalez,ar ARG,"FW,DF",Orlando City,21,2001,8.0,241,232,8,0,0,2,40,7,1,0,1,0,160,1,18,Matches
311,Mario González,es ESP,FW,Los Angeles FC,26,1996,4.3,53,43,9,0,1,0,0,0,0,0,0,0,38,1,2,Matches
312,Omar Gonzalez,us USA,DF,New England,34,1988,9.6,413,407,5,4,0,3,0,1,0,0,0,0,341,1,1,Matches
313,Zavier Gozo,us USA,FW,Real Salt Lake,15,2007,0.1,4,4,0,0,0,0,0,0,0,0,0,0,2,0,0,Matches
314,Alejandro Granados,es ESP,FW,Orlando City,16,2006,0.0,9,8,1,0,0,0,0,1,0,0,0,0,8,0,0,Matches
315,Tayvon Gray,us USA,DF,NYCFC,20,2002,22.7,1284,1129,153,29,1,10,23,124,0,0,0,0,1076,2,20,Matches
316,Jacob Greene,us USA,DF,D.C. United,19,2003,5.4,198,150,47,2,1,0,2,45,0,0,0,0,145,1,8,Matches
317,Gregore,br BRA,MF,Inter Miami,28,1994,4.3,225,217,6,6,1,4,3,0,0,0,0,0,182,2,4,Matches
318,Ján Greguš,sk SVK,MF,Nashville,32,1991,2.5,196,180,16,13,0,6,1,2,1,0,0,0,165,0,4,Matches
319,Ján Greguš,sk SVK,MF,Minnesota Utd,32,1991,10.0,602,550,51,34,1,2,22,3,12,6,5,0,534,1,5,Matches
320,Julian Gressel,us USA,"DF,MF",Columbus Crew,29,1993,8.2,459,371,86,5,2,4,72,34,47,10,28,1,334,2,8,Matches
321,Julian Gressel,us USA,MF,Vancouver,29,1993,15.1,867,772,89,24,4,14,106,14,50,33,5,0,651,6,16,Matches
322,Victor Griffith,pa PAN,MF,Portland Timbers,22,2000,1.0,33,33,0,0,0,1,0,0,0,0,0,0,28,0,1,Matches
323,Carlos Gruezo,ec ECU,MF,San Jose,27,1995,23.9,988,949,36,36,1,12,2,0,0,0,0,0,840,3,11,Matches
324,Brian Gutiérrez,us USA,"FW,MF",Chicago Fire,19,2003,26.5,997,944,46,12,5,11,46,2,23,14,1,0,750,7,26,Matches
325,Cristián Gutiérrez,cl CHI,DF,Toronto FC,25,1997,2.7,133,113,19,3,0,1,4,16,0,0,0,0,109,1,0,Matches
Rk,Player,Nation,Pos,Squad,Age,Born,90s,Att,Live,Dead,FK,TB,Sw,Crs,TI,CK,In,Out,Str,Cmp,Off,Blocks,Matches
326,Diego Gutierrez,us USA,"FW,MF",Portland Timbers,23,1999,2.7,77,69,8,1,2,0,13,4,3,2,1,0,47,0,6,Matches
327,Felipe Gutiérrez,cl CHI,MF,Sporting KC,32,1990,3.3,171,162,8,3,0,3,7,2,3,1,2,0,146,1,3,Matches
328,Andrew Gutman,us USA,DF,Atlanta Utd,26,1996,15.4,875,737,133,15,2,9,25,118,0,0,0,0,726,5,15,Matches
329,Andrew Gutman,us USA,DF,Colorado Rapids,26,1996,11.2,424,334,89,10,2,5,15,79,0,0,0,0,314,1,8,Matches
330,Brad Guzan,us USA,GK,Atlanta Utd,38,1984,27.0,965,674,289,73,0,2,0,0,0,0,0,0,755,2,1,Matches
331,Justin Haak,us USA,"DF,MF",NYCFC,21,2001,10.1,533,512,19,19,0,2,1,0,0,0,0,0,475,2,7,Matches
332,Luke Haakenson,us USA,"MF,FW",Nashville,25,1997,3.0,77,75,1,0,1,0,2,1,0,0,0,0,49,1,4,Matches
333,Teenage Hadebe,zw ZIM,DF,Dynamo FC,27,1995,11.5,654,635,17,8,0,1,1,3,0,0,0,0,582,2,3,Matches
334,Nick Hagglund,us USA,DF,FC Cincinnati,30,1992,23.9,1042,1006,32,25,0,4,2,7,0,0,0,0,858,4,5,Matches
335,Maren Haile-Selassie,ch SUI,"FW,DF",Chicago Fire,23,1999,21.2,655,614,39,11,4,5,61,13,15,7,4,0,512,2,18,Matches
336,Julian Hall,us USA,FW,NY Red Bulls,14,2008,0.1,2,2,0,0,0,0,0,0,0,0,0,0,0,0,0,Matches
337,Michael Halliday,us USA,DF,Orlando City,20,2003,9.5,372,311,60,4,0,0,27,56,0,0,0,0,277,1,15,Matches
338,Bret Halsey,us USA,DF,FC Cincinnati,22,2000,2.6,119,100,19,1,0,1,6,17,1,0,0,0,96,0,1,Matches
339,Ahmed Hamdi,eg EGY,"MF,FW",CF Montréal,24,1998,5.3,200,193,7,2,2,0,1,2,0,0,0,0,150,0,12,Matches
340,Yosuke Hanya,jp JPN,"FW,MF",Colorado Rapids,24,1999,0.5,11,10,1,0,0,0,2,0,0,0,0,0,7,0,0,Matches
341,Ian Harkes,us USA,MF,New England,27,1995,6.7,314,305,6,4,1,4,6,2,0,0,0,0,266,3,4,Matches
342,Cameron Harper,us USA,"DF,MF",NY Red Bulls,21,2001,23.9,971,813,153,7,1,3,100,146,0,0,0,0,654,5,25,Matches
343,Nathan Harriel,us USA,DF,Philadelphia,21,2001,18.6,766,613,149,4,0,2,22,145,0,0,0,0,558,4,18,Matches
344,Calvin Harris,eng ENG,FW,Colorado Rapids,22,2000,10.0,209,199,10,0,0,1,27,1,0,0,0,0,146,0,8,Matches
345,Thomas Hasal,ca CAN,GK,Vancouver,23,1999,1.0,42,32,10,1,0,0,0,0,0,0,0,0,33,0,0,Matches
346,Héber,br BRA,"FW,MF",Seattle,31,1991,11.8,297,283,14,0,2,2,3,1,0,0,0,0,243,0,9,Matches
347,Matt Hedges,us USA,DF,Toronto FC,32,1990,11.9,626,606,17,14,0,9,0,3,0,0,0,0,513,3,8,Matches
348,Matt Hedges,us USA,DF,Austin,32,1990,3.4,180,178,2,2,0,1,0,0,0,0,0,0,157,0,0,Matches
349,Chris Hegardt,us USA,"FW,MF",Charlotte,21,2002,0.6,32,25,6,1,0,0,6,0,5,4,0,0,24,1,0,Matches
350,Fabian Herbers,de GER,"MF,FW",Chicago Fire,29,1993,21.9,938,910,24,15,4,5,37,8,1,0,1,0,764,4,23,Matches
Rk,Player,Nation,Pos,Squad,Age,Born,90s,Att,Live,Dead,FK,TB,Sw,Crs,TI,CK,In,Out,Str,Cmp,Off,Blocks,Matches
351,Felipe Hernandez,us USA,MF,Sporting KC,24,1998,3.6,110,102,8,3,0,0,12,0,4,3,1,0,80,0,2,Matches
352,Javier Hernández,mx MEX,FW,LA Galaxy,34,1988,7.6,167,150,16,1,0,2,4,0,0,0,0,0,132,1,1,Matches
353,Ronald Hernández,ve VEN,DF,Atlanta Utd,25,1997,7.8,420,363,55,6,0,4,6,49,0,0,0,0,348,2,7,Matches
354,Aaron Herrera,gt GUA,"DF,MF",CF Montréal,25,1997,15.6,769,663,106,9,0,12,65,92,5,0,5,0,577,0,14,Matches
355,Héctor Herrera,mx MEX,MF,Dynamo FC,32,1990,28.1,2252,1969,273,164,6,37,161,13,95,45,37,3,1856,10,31,Matches
356,Kyle Hiebert,ca CAN,DF,St. Louis,25,1997,23.6,938,829,108,13,0,1,9,95,0,0,0,0,686,1,12,Matches
357,Brendan Hines-Ike,us USA,DF,D.C. United,28,1994,10.4,349,325,23,12,0,6,3,11,0,0,0,0,293,1,3,Matches
358,Bongokuhle Hlongwane,za RSA,FW,Minnesota Utd,22,2000,27.6,803,781,20,2,7,4,31,15,1,0,0,0,552,2,39,Matches
359,Junior Hoilett,ca CAN,"FW,MF",Vancouver,32,1990,2.6,89,79,10,4,0,1,14,1,3,0,3,0,66,0,2,Matches
360,Ryan Hollingshead,us USA,DF,Los Angeles FC,31,1991,26.1,1392,1162,226,27,2,8,6,199,0,0,0,0,1138,4,20,Matches
361,Erik Holt,us USA,DF,Real Salt Lake,26,1996,0.6,43,43,0,0,0,1,0,0,0,0,0,0,38,0,0,Matches
362,Jackson Hopkins,us USA,MF,D.C. United,18,2004,2.2,78,76,2,1,0,1,3,1,0,0,0,0,63,0,4,Matches
363,Matthew Hoppe,us USA,"FW,MF",San Jose,21,2001,4.7,129,126,2,1,2,0,13,1,0,0,0,0,88,1,7,Matches
364,Keegan Hughes,us USA,DF,Columbus Crew,22,2000,0.0,1,1,0,0,0,0,0,0,0,0,0,0,0,0,0,Matches
365,Erik Hurtado,us USA,"FW,MF",D.C. United,32,1990,3.0,50,48,2,0,0,0,3,0,0,0,0,0,37,0,4,Matches
366,Franco Ibarra,ar ARG,MF,Toronto FC,21,2001,4.9,228,220,5,5,0,5,0,0,0,0,0,0,190,3,3,Matches
367,Franco Ibarra,ar ARG,MF,Atlanta Utd,21,2001,14.2,718,695,22,18,0,9,2,4,0,0,0,0,606,1,10,Matches
368,Sebastien Ibeagha,us USA,DF,FC Dallas,31,1992,26.5,1327,1251,75,57,0,3,1,5,0,0,0,0,1110,1,5,Matches
369,Aliyu Ibrahim,ng NGA,FW,Dynamo FC,21,2002,13.4,273,246,27,0,0,0,9,0,1,1,0,0,204,0,6,Matches
370,Sunusi Ibrahim,ng NGA,"FW,MF",CF Montréal,20,2002,13.0,294,283,11,1,2,3,20,5,0,0,0,0,205,0,4,Matches
371,Tega Ikoba,us USA,FW,Portland Timbers,19,2003,1.0,19,19,0,0,0,0,1,0,0,0,0,0,11,0,0,Matches
372,Mitja Ilenič,si SVN,DF,NYCFC,18,2004,13.2,603,497,104,5,0,3,43,99,0,0,0,0,459,2,16,Matches
373,Ilias Iliadis,gr GRE,"DF,MF",CF Montréal,21,2001,2.8,128,105,23,1,0,0,7,22,0,0,0,0,79,0,6,Matches
374,Marko Ilić,rs SRB,GK,Colorado Rapids,24,1998,13.0,379,230,147,30,0,0,0,0,0,0,0,0,266,2,1,Matches
375,Asier Illarramendi,es ESP,MF,FC Dallas,32,1990,7.7,590,567,18,13,0,3,1,3,0,0,0,0,526,5,8,Matches
Rk,Player,Nation,Pos,Squad,Age,Born,90s,Att,Live,Dead,FK,TB,Sw,Crs,TI,CK,In,Out,Str,Cmp,Off,Blocks,Matches
376,Lorenzo Insigne,it ITA,"FW,MF",Toronto FC,31,1991,16.9,1034,952,78,24,2,29,34,18,26,13,7,2,836,4,24,Matches
377,Clint Irwin,us USA,GK,Minnesota Utd,33,1989,4.0,120,68,52,9,0,0,0,0,0,0,0,0,94,0,0,Matches
378,Aljaž Ivačič,si SVN,GK,Portland Timbers,29,1993,15.0,467,268,197,58,0,0,0,0,0,0,0,0,243,2,0,Matches
379,Emmanuel Iwe,us USA,FW,Minnesota Utd,22,2000,0.6,13,13,0,0,0,0,2,0,0,0,0,0,8,0,0,Matches
380,Ousman jabang,us USA,DF,CF Montréal,21,2001,0.9,44,41,3,1,1,0,0,2,0,0,0,0,39,0,0,Matches
381,Aziel Jackson,fr FRA,"MF,FW",St. Louis,21,2001,12.4,352,327,22,3,2,1,17,2,8,0,7,0,273,3,8,Matches
382,Jacob Jackson,us USA,GK,New England,22,2000,2.0,63,42,21,3,0,1,0,0,0,0,0,0,48,0,0,Matches
383,Bertin Jacquesson,fr FRA,"FW,MF",Real Salt Lake,22,2001,4.0,77,70,7,2,0,0,17,1,4,4,0,0,42,0,11,Matches
384,Eldin Jakupović,ch SUI,GK,Los Angeles FC,38,1984,2.0,43,32,10,2,0,0,0,0,0,0,0,0,29,1,0,Matches
385,Robin Jansson,se SWE,DF,Orlando City,31,1991,32.0,1624,1514,105,100,3,19,2,4,0,0,0,0,1384,5,9,Matches
386,Andres Jasson,us USA,FW,NYCFC,21,2002,9.0,241,227,13,2,0,2,23,8,2,0,1,0,179,1,13,Matches
387,Mohanad Jeahze,iq IRQ,DF,D.C. United,25,1997,4.0,205,161,42,4,0,0,10,38,0,0,0,0,152,2,7,Matches
388,Corentin Jean,fr FRA,"FW,MF",Inter Miami,27,1995,9.2,344,327,15,2,1,3,25,4,6,4,1,1,279,2,8,Matches
389,Isak Jensen,dk DEN,"MF,FW",St. Louis,19,2003,1.6,56,54,2,0,1,0,2,1,1,0,0,0,37,0,3,Matches
390,Hector Jiménez,us USA,MF,Austin,34,1988,0.6,20,20,0,0,0,0,2,0,0,0,0,0,13,0,1,Matches
391,Jesús Jiménez,es ESP,"FW,MF",FC Dallas,29,1993,7.6,185,173,12,0,0,1,4,1,0,0,0,0,148,0,2,Matches
392,Stiven Jimenez,us USA,FW,FC Cincinnati,15,2007,0.0,0,0,0,0,0,0,0,0,0,0,0,0,0,0,0,Matches
393,Levonte Johnson,ca CAN,"FW,DF",Vancouver,23,1999,2.2,64,63,1,0,0,0,7,1,0,0,0,0,44,0,5,Matches
394,Sean Johnson,us USA,GK,Toronto FC,33,1989,20.0,654,418,235,71,0,1,0,0,0,0,0,0,467,1,2,Matches
395,DeJuan Jones,us USA,DF,New England,25,1997,24.1,1476,1241,234,26,3,5,56,206,2,0,0,0,1214,1,40,Matches
396,Derrick Jones,us USA,"MF,DF",Charlotte,25,1997,20.5,771,751,19,13,1,2,2,4,0,0,0,0,675,1,12,Matches
397,Juan José Sánchez,co COL,DF,Atlanta Utd,25,1998,23.7,1408,1335,70,54,0,15,0,6,0,0,0,0,1255,3,5,Matches
398,Dejan Joveljić,rs SRB,FW,LA Galaxy,23,1999,18.1,418,360,57,2,2,4,5,2,0,0,0,0,324,1,10,Matches
399,Kamil Jóźwiak,pl POL,"FW,MF",Charlotte,24,1998,15.3,577,551,24,4,0,1,42,13,5,0,5,0,431,2,26,Matches
400,Preston Judd,us USA,FW,LA Galaxy,23,1999,7.1,81,71,9,0,1,0,1,0,0,0,0,0,55,1,3,Matches
Rk,Player,Nation,Pos,Squad,Age,Born,90s,Att,Live,Dead,FK,TB,Sw,Crs,TI,CK,In,Out,Str,Cmp,Off,Blocks,Matches
401,Judson,br BRA,MF,San Jose,29,1993,5.2,226,218,8,8,0,0,0,0,0,0,0,0,197,0,1,Matches
402,Anderson Julio,ec ECU,FW,Real Salt Lake,26,1996,12.8,176,153,20,1,0,5,6,2,0,0,0,0,129,3,7,Matches
403,Juninho,br BRA,MF,Orlando City,22,2001,0.0,5,4,1,1,0,0,0,0,0,0,0,0,3,0,0,Matches
404,Sam Junqua,us USA,"DF,MF",FC Dallas,26,1996,11.4,517,454,61,3,0,1,20,58,0,0,0,0,394,2,12,Matches
405,Kristijan Kahlina,hr CRO,GK,Charlotte,30,1992,24.0,980,754,225,66,0,3,0,0,0,0,0,0,695,1,0,Matches
406,Brent Kallman,us USA,"DF,FW",Minnesota Utd,32,1990,2.2,98,96,2,1,0,0,0,1,0,0,0,0,83,0,0,Matches
407,Kei Kamara,sl SLE,FW,Chicago Fire,38,1984,16.9,428,396,32,0,1,3,21,2,0,0,0,0,301,0,14,Matches
408,Bernard Kamungo,tz TAN,"FW,MF",FC Dallas,21,2002,5.6,117,114,2,0,1,1,3,0,0,0,0,0,84,1,3,Matches
409,Alec Kann,us USA,GK,FC Cincinnati,32,1990,1.0,30,19,11,2,0,0,0,0,0,0,0,0,28,0,0,Matches
410,Ercan Kara,at AUT,FW,Orlando City,27,1996,9.4,132,116,15,0,1,0,0,0,0,0,0,0,81,1,2,Matches
411,Ibrahim Kasule,ug UGA,MF,NY Red Bulls,18,2004,0.3,6,6,0,0,0,0,0,0,0,0,0,0,3,0,0,Matches
412,Mark-Anthony Kaye,ca CAN,MF,Toronto FC,28,1994,20.4,1208,1173,29,23,4,6,5,6,0,0,0,0,1030,6,14,Matches
413,Mark-Anthony Kaye,ca CAN,MF,New England,28,1994,8.7,465,440,25,19,1,4,0,6,0,0,0,0,398,0,8,Matches
414,Axel Kei,us USA,FW,Real Salt Lake,15,2007,0.1,0,0,0,0,0,0,0,0,0,0,0,0,0,0,0,Matches
415,Kipp Keller,us USA,DF,Austin,22,2000,4.9,280,278,2,2,0,3,0,0,0,0,0,0,253,0,0,Matches
416,Deandre Kerr,ca CAN,"FW,MF",Toronto FC,20,2002,13.5,231,214,17,1,0,1,6,0,0,0,0,0,176,0,5,Matches
417,Henry Kessler,us USA,DF,New England,24,1998,7.7,409,388,19,18,0,8,0,0,0,0,0,0,362,2,2,Matches
418,Benjamin Kikanovic,us USA,"FW,MF",San Jose,23,2000,7.8,196,194,2,0,0,0,7,2,0,0,0,0,146,0,8,Matches
419,Gadi Kinda,il ISR,MF,Sporting KC,28,1994,9.3,447,413,30,17,2,8,31,2,9,3,2,0,361,4,11,Matches
420,Sota Kitahara,us USA,DF,Seattle,20,2003,0.0,7,3,4,1,0,0,0,3,0,0,0,0,6,0,0,Matches
421,Klauss,br BRA,FW,St. Louis,25,1997,14.6,380,345,35,0,1,2,9,8,0,0,0,0,246,0,21,Matches
422,John Klein,us USA,MF,St. Louis,23,1999,0.3,12,12,0,0,0,0,0,0,0,0,0,0,6,0,2,Matches
423,Mateusz Klich,pl POL,"MF,FW",D.C. United,32,1990,30.2,1695,1424,263,128,11,11,184,33,93,32,43,10,1306,8,40,Matches
424,Jonathan Klinsmann,us USA,GK,LA Galaxy,25,1997,9.2,241,159,81,26,0,2,0,0,0,0,0,0,183,1,1,Matches
425,Žan Kolmanič,si SVN,DF,Austin,22,2000,4.7,308,266,42,5,0,2,19,36,1,1,0,0,250,0,6,Matches
Rk,Player,Nation,Pos,Squad,Age,Born,90s,Att,Live,Dead,FK,TB,Sw,Crs,TI,CK,In,Out,Str,Cmp,Off,Blocks,Matches
426,Amet Korca,us USA,DF,FC Dallas,22,2000,1.7,54,48,6,1,0,1,0,5,0,0,0,0,46,0,0,Matches
427,Georgios Koutsias,gr GRE,"FW,MF",Chicago Fire,18,2004,11.3,234,215,19,0,0,1,2,0,0,0,0,0,175,0,2,Matches
428,Sebastian Kowalczyk,pl POL,"FW,MF",Dynamo FC,24,1998,3.9,151,140,10,6,1,1,5,2,2,0,2,0,138,1,1,Matches
429,Filip Krastev,bg BUL,MF,Los Angeles FC,21,2001,1.8,95,89,6,5,0,0,1,0,1,0,1,0,75,0,0,Matches
430,Damir Kreilach,hr CRO,"FW,MF",Real Salt Lake,33,1989,14.6,461,448,4,0,1,5,6,2,0,0,0,0,370,9,9,Matches
431,Serhiy Kryvtsov,ua UKR,DF,Inter Miami,31,1991,23.5,1346,1301,42,35,2,5,2,3,0,0,0,0,1172,3,9,Matches
432,Theodore Ku-Dipietro,us USA,"FW,MF",D.C. United,21,2002,13.0,366,359,5,1,5,1,18,4,0,0,0,0,259,2,16,Matches
433,Yuya Kubo,jp JPN,"MF,FW",FC Cincinnati,29,1993,11.9,434,418,14,5,2,2,13,3,0,0,0,0,354,2,14,Matches
434,Jojea Kwizera,cg CGO,DF,CF Montréal,24,1999,1.5,82,66,16,2,1,1,9,14,0,0,0,0,59,0,2,Matches
435,Mathías Laborda,uy URU,DF,Vancouver,23,1999,17.1,897,794,102,22,2,5,24,80,0,0,0,0,703,1,18,Matches
436,Kevon Lambert,jm JAM,DF,Real Salt Lake,25,1997,0.3,17,17,0,0,0,0,0,0,0,0,0,0,17,0,0,Matches
437,Lassi Lappalainen,fi FIN,"DF,FW",CF Montréal,24,1998,11.5,376,327,45,1,1,1,12,39,2,0,0,0,284,4,13,Matches
438,Jesús David Murillo Largacha,co COL,DF,Los Angeles FC,28,1994,15.8,772,745,26,24,0,2,0,2,0,0,0,0,640,1,5,Matches
439,Oliver Larraz,us USA,MF,Colorado Rapids,21,2001,0.2,13,13,0,0,0,0,1,0,0,0,0,0,11,0,0,Matches
440,Richie Laryea,ca CAN,DF,Toronto FC,28,1995,17.9,947,796,149,26,1,7,9,123,0,0,0,0,777,2,22,Matches
441,Richie Laryea,ca CAN,"FW,DF",Vancouver,28,1995,10.5,380,343,37,6,0,2,10,31,0,0,0,0,316,0,9,Matches
442,Ariel Lassiter,cr CRC,"FW,MF",Inter Miami,28,1994,1.7,57,56,1,0,0,1,5,1,0,0,0,0,46,0,3,Matches
443,Ariel Lassiter,cr CRC,"DF,MF",CF Montréal,28,1994,17.7,661,565,92,19,0,9,91,61,12,4,4,0,469,4,22,Matches
444,Kemar Lawrence,jm JAM,DF,Minnesota Utd,30,1992,12.4,583,458,120,8,1,1,46,112,0,0,0,0,422,5,23,Matches
445,Randall Leal,cr CRC,"MF,FW",Nashville,26,1997,12.7,528,493,29,10,5,2,48,9,9,5,1,0,395,6,26,Matches
446,Richy Ledezma,us USA,"MF,FW",NYCFC,22,2000,13.2,554,521,29,5,8,4,20,7,10,4,5,0,471,4,16,Matches
447,Kelvin Leerdam,sr SUR,DF,LA Galaxy,32,1990,13.4,740,657,82,24,0,3,12,58,0,0,0,0,643,1,13,Matches
448,Tim Leibold,de GER,DF,Sporting KC,29,1993,9.7,571,508,61,11,0,4,26,50,0,0,0,0,491,2,8,Matches
449,Brooks Lennon,us USA,DF,Atlanta Utd,25,1997,32.0,1908,1560,337,36,3,13,203,211,90,13,62,3,1561,11,29,Matches
450,Jonathan Lewis,us USA,"FW,MF",Colorado Rapids,25,1997,13.2,264,244,19,1,1,0,17,7,0,0,0,0,205,1,10,Matches
Rk,Player,Nation,Pos,Squad,Age,Born,90s,Att,Live,Dead,FK,TB,Sw,Crs,TI,CK,In,Out,Str,Cmp,Off,Blocks,Matches
451,Danny Leyva,us USA,MF,Colorado Rapids,19,2003,7.1,339,322,16,10,0,2,8,3,3,0,3,0,262,1,6,Matches
452,Danny Leyva,us USA,"MF,FW",Seattle,19,2003,0.2,18,17,1,0,0,1,1,0,0,0,0,0,16,0,0,Matches
453,Nick Lima,us USA,DF,Austin,28,1994,27.0,1362,1140,215,16,0,16,87,198,1,0,0,0,1032,7,17,Matches
454,Jaylin Lindsey,us USA,DF,Charlotte,22,2000,14.5,821,678,141,9,5,0,33,132,0,0,0,0,654,2,8,Matches
455,Sebastian Lletget,us USA,"MF,FW",FC Dallas,30,1992,12.9,553,533,18,7,2,1,27,6,5,0,3,0,452,2,10,Matches
456,Saba Lobzhanidze,ge GEO,FW,Atlanta Utd,28,1994,5.2,160,153,7,0,0,0,16,3,4,0,4,0,121,0,6,Matches
457,Robin Lod,fi FIN,"MF,FW",Minnesota Utd,29,1993,10.0,453,428,18,7,1,3,8,7,0,0,0,0,360,7,7,Matches
458,Nicolás Lodeiro,uy URU,"MF,FW",Seattle,33,1989,27.5,1731,1526,193,43,13,10,207,25,108,22,64,0,1268,12,51,Matches
459,Jasper Löffelsend,de GER,MF,Real Salt Lake,25,1997,12.6,691,665,24,12,1,10,13,7,1,0,0,0,570,2,15,Matches
460,Aaron Long,us USA,DF,Los Angeles FC,30,1992,16.9,927,885,36,28,0,8,0,3,0,0,0,0,802,6,4,Matches
461,Erik López,py PAR,"FW,MF",Atlanta Utd,21,2001,0.3,5,4,1,0,0,0,0,0,0,0,0,0,3,0,1,Matches
462,Marvin Loría,cr CRC,"FW,MF",Portland Timbers,25,1997,8.4,239,219,17,5,1,5,26,5,7,2,4,1,171,3,13,Matches
463,Daniel Lovitz,us USA,DF,Nashville,31,1991,31.6,1915,1529,375,48,3,9,128,261,66,59,3,0,1402,11,26,Matches
464,Damion Lowe,jm JAM,DF,Philadelphia,29,1993,13.7,495,468,26,20,0,7,3,6,0,0,0,0,357,1,5,Matches
465,Eduard Löwen,de GER,MF,St. Louis,26,1997,25.6,1429,1231,195,100,6,17,148,7,87,32,38,0,986,3,39,Matches
466,Favian Loyola,us USA,MF,Orlando City,17,2005,0.0,6,5,1,0,0,0,0,0,1,0,0,0,6,0,0,Matches
467,Diego Luna,us USA,"MF,FW",Real Salt Lake,19,2003,13.3,620,584,30,6,2,10,18,4,18,6,5,0,516,6,11,Matches
468,Adam Lundqvist,se SWE,"DF,MF",Austin,28,1994,9.6,443,356,86,11,1,2,38,73,2,2,0,0,319,1,11,Matches
469,Benjamin Lundt,de GER,GK,St. Louis,27,1995,1.0,28,17,11,1,0,0,0,0,0,0,0,0,23,0,0,Matches
470,Luquinhas,br BRA,"MF,FW",NY Red Bulls,26,1996,22.2,545,535,8,5,9,0,5,2,1,0,0,0,431,2,18,Matches
471,Jack Lynn,us USA,"MF,FW",Orlando City,23,2000,0.4,8,8,0,0,0,0,0,0,0,0,0,0,6,0,0,Matches
472,Larrys Mabiala,cd COD,DF,Portland Timbers,35,1987,9.8,468,445,21,20,0,7,0,1,0,0,0,0,393,2,4,Matches
473,Aimé Mabika,zm ZAM,DF,Toronto FC,24,1998,16.8,855,833,20,20,1,5,0,0,0,0,0,0,760,2,6,Matches
474,Zac MacMath,us USA,GK,Real Salt Lake,31,1991,27.5,968,672,294,88,0,8,0,0,0,0,0,0,691,2,2,Matches
475,Lukas MacNaughton,ca CAN,DF,Toronto FC,27,1995,2.0,110,104,5,5,0,1,0,0,0,0,0,0,101,1,2,Matches
Rk,Player,Nation,Pos,Squad,Age,Born,90s,Att,Live,Dead,FK,TB,Sw,Crs,TI,CK,In,Out,Str,Cmp,Off,Blocks,Matches
476,Lukas MacNaughton,ca CAN,DF,Nashville,27,1995,11.9,640,588,49,25,0,4,2,24,0,0,0,0,546,3,4,Matches
477,Talles Magno,br BRA,FW,NYCFC,20,2002,21.2,636,613,19,3,6,0,7,3,0,0,0,0,515,4,11,Matches
478,Jack Maher,us USA,DF,Nashville,23,1999,32.0,1638,1601,34,29,0,15,2,4,0,0,0,0,1446,3,6,Matches
479,Cassius Mailula,za RSA,"FW,MF",Toronto FC,21,2001,0.8,15,13,2,0,0,0,0,0,1,0,0,0,13,0,1,Matches
480,Christian Makoun,ve VEN,"DF,MF",New England,22,2000,5.4,305,282,22,4,0,4,5,18,0,0,0,0,243,1,7,Matches
481,Adilson Malanda,fr FRA,DF,Charlotte,21,2001,28.5,1700,1639,60,45,0,25,4,12,0,0,0,0,1388,1,15,Matches
482,Denil Maldonado,hn HON,DF,Los Angeles FC,24,1998,18.6,990,937,51,20,0,17,4,24,0,0,0,0,839,2,6,Matches
483,Machop Malual,ss SSD,"FW,MF",Atlanta Utd,24,1998,5.2,124,111,12,2,0,1,4,5,0,0,0,0,95,1,3,Matches
484,Elias Manoel,br BRA,FW,NY Red Bulls,21,2001,18.4,320,289,31,2,0,1,10,1,0,0,0,0,217,0,13,Matches
485,J.T. Marcinkowski,us USA,GK,San Jose,25,1997,12.4,345,215,125,25,0,1,0,0,0,0,0,0,239,5,0,Matches
486,Paul Marie,fr FRA,DF,San Jose,27,1995,22.3,1134,949,181,13,3,4,29,168,0,0,0,0,871,4,32,Matches
487,Anthony Markanich,us USA,DF,Colorado Rapids,23,1999,3.8,181,149,32,2,0,1,6,30,0,0,0,0,126,0,4,Matches
488,Anthony Markanich,us USA,DF,St. Louis,23,1999,7.3,322,261,59,5,0,0,18,54,0,0,0,0,216,2,5,Matches
489,George Marks,us USA,GK,Charlotte,23,1999,7.0,257,184,72,19,0,0,0,0,0,0,0,0,196,1,0,Matches
490,Mikael Marques,se SWE,MF,Minnesota Utd,21,2001,0.1,4,4,0,0,0,0,0,0,0,0,0,0,3,0,0,Matches
491,Jahkeele Marshall-Rutty,ca CAN,"MF,DF",Toronto FC,18,2004,12.8,562,508,54,7,0,1,38,46,1,0,0,0,484,0,11,Matches
492,Alonso Martínez,cr CRC,"FW,DF",NYCFC,24,1998,0.4,12,11,1,0,0,0,0,1,0,0,0,0,11,0,0,Matches
493,José Martínez,es ESP,DF,FC Dallas,29,1993,15.9,1027,978,48,29,2,7,1,5,0,0,0,0,892,1,4,Matches
494,Josef Martínez,ve VEN,FW,Inter Miami,29,1993,19.3,381,342,38,2,7,2,1,1,0,0,0,0,324,1,2,Matches
495,Luís Martins,pt POR,DF,Vancouver,30,1992,18.0,1045,869,173,33,2,5,78,119,20,16,1,0,795,3,16,Matches
496,Thiago Martins,br BRA,DF,NYCFC,27,1995,24.3,1679,1635,42,41,0,8,0,1,0,0,0,0,1510,2,9,Matches
497,Alexandru Mățan,ro ROU,"MF,FW",Columbus Crew,23,1999,25.2,1025,970,52,7,10,1,53,4,37,14,12,0,830,3,21,Matches
498,Jimmy Maurer,us USA,GK,FC Dallas,34,1988,4.8,171,129,39,8,0,2,0,0,0,0,0,0,124,3,1,Matches
499,Chris Mavinga,cd COD,DF,LA Galaxy,31,1991,12.5,729,666,63,30,0,1,0,5,0,0,0,0,687,0,6,Matches
500,Max,br BRA,"MF,FW",Colorado Rapids,21,2001,7.4,256,250,5,3,3,6,6,1,0,0,0,0,196,1,5,Matches
Rk,Player,Nation,Pos,Squad,Age,Born,90s,Att,Live,Dead,FK,TB,Sw,Crs,TI,CK,In,Out,Str,Cmp,Off,Blocks,Matches
501,Andreas Maxsø,dk DEN,DF,Colorado Rapids,28,1994,32.5,1426,1394,31,26,0,5,1,2,0,0,0,0,1266,1,4,Matches
502,Olivier Mbaizo,cm CMR,DF,Philadelphia,25,1997,20.4,927,735,183,12,2,3,67,171,0,0,0,0,694,9,27,Matches
503,Hugo-Hilaire Mbongue Mbongue,ca CAN,"FW,MF",Toronto FC,18,2004,2.9,62,52,10,0,0,0,1,0,0,0,0,0,40,0,3,Matches
504,John McCarthy,us USA,GK,Los Angeles FC,30,1992,25.0,668,458,209,34,0,0,0,0,0,0,0,0,460,1,0,Matches
505,Dax McCarty,us USA,MF,Nashville,35,1987,21.0,1074,1020,46,44,2,17,5,1,1,0,0,0,908,8,20,Matches
506,Jack McGlynn,us USA,MF,Philadelphia,19,2003,18.0,1133,1067,55,27,4,8,29,18,10,6,4,0,949,11,15,Matches
507,Zac McGraw,ca CAN,DF,Portland Timbers,25,1997,26.9,1045,1006,38,32,0,15,1,4,0,0,0,0,835,1,9,Matches
508,Duncan McGuire,us USA,FW,Orlando City,21,2001,15.4,234,216,18,0,1,2,2,0,0,0,0,0,162,0,11,Matches
509,Kendall McIntosh,us USA,GK,Sporting KC,29,1994,13.2,399,281,118,36,0,2,0,0,0,0,0,0,297,0,0,Matches
510,Thomas McNamara,us USA,"MF,FW",New England,31,1991,2.1,103,99,4,1,0,0,1,1,0,0,0,0,88,0,2,Matches
511,Christopher McVey,se SWE,DF,Inter Miami,25,1997,13.5,816,774,39,22,1,5,0,17,0,0,0,0,719,3,6,Matches
512,Jimmy Medranda,co COL,"MF,DF",Columbus Crew,28,1994,1.2,110,99,11,0,0,0,7,11,0,0,0,0,89,0,1,Matches
513,Tim Melia,us USA,GK,Sporting KC,36,1986,15.8,488,321,166,57,0,0,0,0,0,0,0,0,335,1,1,Matches
514,Vinicius Mello,br BRA,FW,Charlotte,20,2002,0.6,24,24,0,0,0,1,1,0,0,0,0,0,20,0,1,Matches
515,Jonathan Mensah,gh GHA,DF,San Jose,32,1990,21.7,1040,1001,38,29,0,1,0,9,0,0,0,0,911,1,3,Matches
516,Justin Meram,iq IRQ,"FW,MF",Charlotte,34,1988,14.8,662,607,54,7,5,15,70,14,33,18,6,2,516,1,19,Matches
517,Justin Meram,iq IRQ,"FW,MF",Real Salt Lake,34,1988,2.0,86,77,9,4,0,3,10,2,3,3,0,0,61,0,5,Matches
518,Lionel Messi,ar ARG,"FW,MF",Inter Miami,35,1987,4.1,216,196,17,7,5,1,8,0,8,4,1,0,161,3,7,Matches
519,Matt Miazga,us USA,DF,FC Cincinnati,27,1995,26.5,1303,1240,58,58,3,3,1,0,0,0,0,0,1124,5,4,Matches
520,Micael,br BRA,DF,Dynamo FC,22,2000,21.9,1173,1093,78,20,0,4,2,32,0,0,0,0,1012,2,5,Matches
521,Novak Mićović,rs SRB,GK,LA Galaxy,21,2001,2.0,56,50,6,2,0,0,0,0,0,0,0,0,49,0,0,Matches
522,Matko Miljevic,us USA,"MF,FW",CF Montréal,21,2001,1.5,81,70,11,4,0,1,15,0,7,2,3,1,52,0,4,Matches
523,Eric Miller,us USA,DF,Portland Timbers,30,1993,13.4,487,365,120,11,0,1,10,109,0,0,0,0,364,2,7,Matches
524,Kamal Miller,ca CAN,DF,Inter Miami,25,1997,20.5,1326,1272,51,33,1,16,4,17,0,0,0,0,1174,3,9,Matches
525,Kamal Miller,ca CAN,DF,CF Montréal,25,1997,5.3,311,286,24,9,0,5,1,15,0,0,0,0,260,1,6,Matches
Rk,Player,Nation,Pos,Squad,Age,Born,90s,Att,Live,Dead,FK,TB,Sw,Crs,TI,CK,In,Out,Str,Cmp,Off,Blocks,Matches
526,Tyler Miller,us USA,GK,D.C. United,29,1993,24.5,1210,926,279,104,0,5,0,0,0,0,0,0,882,5,0,Matches
527,Kevin Molino,tt TRI,"MF,FW",Columbus Crew,32,1990,0.7,95,90,5,1,0,0,5,0,4,0,1,1,86,0,1,Matches
528,Alex Monis,us USA,FW,Chicago Fire,19,2003,0.1,6,6,0,0,0,0,2,0,0,0,0,0,3,0,1,Matches
529,Jamiro Monteiro,cv CPV,MF,San Jose,29,1993,23.6,1111,1084,24,18,5,4,18,6,0,0,0,0,962,3,19,Matches
530,Fredy Montero,co COL,"FW,MF",Seattle,35,1987,4.8,159,147,10,2,1,0,15,3,5,3,2,0,108,2,4,Matches
531,Shaquell Moore,us USA,DF,Nashville,26,1996,30.8,1449,1170,273,17,1,7,90,256,0,0,0,0,1107,6,36,Matches
532,Felipe Mora,cl CHI,FW,Portland Timbers,29,1993,9.1,198,167,31,1,3,2,4,0,0,0,0,0,154,0,5,Matches
533,Joseph Mora,cr CRC,DF,Charlotte,30,1993,2.1,116,82,33,3,0,0,9,30,0,0,0,0,74,1,7,Matches
534,Alfredo Morales,us USA,MF,NYCFC,32,1990,12.9,571,551,17,16,0,4,5,1,0,0,0,0,494,3,8,Matches
535,Maximiliano Moralez,ar ARG,"MF,FW",NYCFC,35,1987,3.5,230,201,29,10,1,1,12,5,9,3,1,0,189,0,4,Matches
536,Steven Moreira,cv CPV,DF,Columbus Crew,28,1994,32.5,2191,2070,119,68,3,20,24,42,2,0,1,0,1941,2,36,Matches
537,Junior Moreno,ve VEN,MF,FC Cincinnati,29,1993,25.0,1120,1097,21,19,1,3,4,2,0,0,0,0,1011,2,13,Matches
538,Santiago Moreno,co COL,"FW,MF",Portland Timbers,22,2000,25.9,1011,967,43,17,13,10,51,11,14,6,4,0,752,1,33,Matches
539,Lewis Morgan,sct SCO,"MF,FW",NY Red Bulls,26,1996,3.3,100,85,13,3,0,0,5,6,0,0,0,0,65,2,1,Matches
540,Aidan Morris,us USA,MF,Columbus Crew,21,2001,28.7,1902,1828,70,49,6,21,11,19,1,0,0,0,1749,4,21,Matches
541,Jordan Morris,us USA,FW,Seattle,28,1994,22.0,560,542,17,0,0,3,27,8,0,0,0,0,409,1,20,Matches
542,Edwin Mosquera,co COL,"FW,MF",Atlanta Utd,21,2001,4.9,175,171,4,0,0,1,18,4,0,0,0,0,118,0,12,Matches
543,Yerson Mosquera,co COL,DF,FC Cincinnati,21,2001,25.0,1325,1265,59,46,2,12,1,13,0,0,0,0,1076,1,15,Matches
544,Jean Mota,br BRA,MF,Inter Miami,29,1993,10.1,723,645,73,36,7,7,47,3,33,15,10,0,571,5,16,Matches
545,Chris Mueller,us USA,"FW,MF",Chicago Fire,26,1996,7.9,289,278,11,6,0,1,10,4,1,0,1,0,223,0,8,Matches
546,Hany Mukhtar,de GER,"FW,MF",Nashville,27,1995,31.5,1223,989,219,64,11,12,150,6,98,59,26,1,911,15,27,Matches
547,José Mulato,co COL,"FW,MF",FC Dallas,20,2003,1.2,20,19,1,0,0,0,0,0,0,0,0,0,13,0,0,Matches
548,O'Vonte Mullings,ca CAN,"MF,DF",NY Red Bulls,22,2000,0.5,12,12,0,0,0,0,1,0,0,0,0,0,10,0,0,Matches
549,Daniel Munie,us USA,DF,San Jose,22,2000,1.2,56,53,3,1,0,0,0,2,0,0,0,0,39,0,1,Matches
550,Ian Murphy,us USA,DF,FC Cincinnati,23,2000,16.9,807,778,27,21,0,0,1,6,0,0,0,0,682,2,5,Matches
Rk,Player,Nation,Pos,Squad,Age,Born,90s,Att,Live,Dead,FK,TB,Sw,Crs,TI,CK,In,Out,Str,Cmp,Off,Blocks,Matches
551,Daniel Musovski,us USA,FW,Real Salt Lake,27,1995,13.4,233,211,20,0,2,1,4,0,0,0,0,0,153,2,9,Matches
552,Alex Muyl,us USA,"MF,DF",Nashville,27,1995,22.7,750,694,52,3,2,4,26,48,1,1,0,0,557,4,35,Matches
553,Tristan Muyumba,,MF,Atlanta Utd,25,1997,9.1,515,502,12,11,4,1,1,0,0,0,0,0,461,1,5,Matches
554,Darlington Nagbe,us USA,MF,Columbus Crew,32,1990,31.0,1593,1568,23,20,1,4,2,2,1,0,0,0,1487,2,14,Matches
555,Andy Najar,hn HON,DF,D.C. United,29,1993,12.3,608,522,82,8,1,7,20,74,0,0,0,0,507,4,9,Matches
556,Federico Navarro,ar ARG,MF,Chicago Fire,22,2000,12.2,466,459,7,6,1,3,0,0,0,0,0,0,399,0,15,Matches
557,Miguel Navarro,ve VEN,DF,Chicago Fire,23,1999,21.9,1112,908,202,26,0,2,53,176,0,0,0,0,813,2,20,Matches
558,Rafael Navarro,br BRA,FW,Colorado Rapids,22,2000,9.8,158,138,20,2,1,0,0,0,0,0,0,0,115,0,3,Matches
559,Hassan Ndam,cm CMR,DF,NY Red Bulls,24,1998,7.8,365,345,19,11,0,2,0,8,0,0,0,0,278,1,6,Matches
560,Logan Ndenbe,be BEL,DF,Sporting KC,22,2000,17.1,1089,923,164,18,2,6,47,146,0,0,0,0,922,2,30,Matches
561,Jalen Neal,us USA,DF,LA Galaxy,19,2003,14.3,868,851,17,12,0,3,0,2,0,0,0,0,816,0,4,Matches
562,Dylan Nealis,us USA,DF,NY Red Bulls,24,1998,11.5,567,440,127,27,0,0,7,99,1,0,0,0,392,0,14,Matches
563,Sean Nealis,us USA,DF,NY Red Bulls,26,1997,30.2,1277,1238,35,28,0,2,1,7,0,0,0,0,958,4,11,Matches
564,Franco Negri,ar ARG,DF,Inter Miami,27,1995,14.8,868,740,127,20,1,7,49,103,4,1,0,0,686,1,16,Matches
565,John Nelson,us USA,DF,St. Louis,24,1998,14.1,651,501,149,5,0,2,32,144,0,0,0,0,462,1,16,Matches
566,Jake Nerwinski,us USA,DF,St. Louis,28,1994,24.6,1090,847,239,10,0,1,58,229,0,0,0,0,777,4,18,Matches
567,Harvey Neville,eng ENG,"DF,MF",Inter Miami,20,2002,2.2,127,104,23,4,0,2,6,15,4,2,0,0,92,0,6,Matches
568,Jean-Claude Ngando,cm CMR,"MF,FW",Vancouver,23,1999,0.9,72,71,1,0,0,1,2,1,0,0,0,0,55,0,3,Matches
569,Sam Nicholson,sct SCO,"MF,DF",Colorado Rapids,28,1995,16.6,568,478,86,1,1,2,31,82,0,0,0,0,415,4,22,Matches
570,Jarosław Niezgoda,pl POL,FW,Portland Timbers,27,1995,7.3,144,133,10,0,2,0,3,1,0,0,0,0,95,1,4,Matches
571,Joakim Nilsson,se SWE,DF,St. Louis,28,1994,6.6,279,270,9,5,0,0,0,4,0,0,0,0,243,0,3,Matches
572,Matt Nocita,us USA,DF,NY Red Bulls,22,2000,0.3,7,7,0,0,0,0,1,0,0,0,0,0,4,0,1,Matches
573,Nolan Norris,us USA,MF,FC Dallas,17,2005,1.5,66,66,0,0,0,1,0,0,0,0,0,0,57,0,1,Matches
574,Tsiki Ntsabeleng,za RSA,"MF,FW",FC Dallas,24,1998,3.9,177,173,3,1,1,0,6,0,0,0,0,0,138,1,3,Matches
575,Obinna Nwobodo,ng NGA,MF,FC Cincinnati,26,1996,28.7,1243,1221,16,15,4,7,9,1,0,0,0,0,1062,6,22,Matches
Rk,Player,Nation,Pos,Squad,Age,Born,90s,Att,Live,Dead,FK,TB,Sw,Crs,TI,CK,In,Out,Str,Cmp,Off,Blocks,Matches
576,Moses Nyeman,us USA,MF,Real Salt Lake,19,2003,0.3,16,14,2,1,0,0,1,0,1,0,0,0,13,0,0,Matches
577,Lewis O'Brien,eng ENG,MF,D.C. United,24,1998,16.8,830,770,53,30,4,4,39,6,17,10,3,1,667,7,14,Matches
578,Shane O'Neill,us USA,DF,Toronto FC,29,1993,10.4,594,571,22,16,0,3,1,4,0,0,0,0,517,1,5,Matches
579,Kevin O'Toole,us USA,"DF,MF",NYCFC,24,1998,13.3,689,576,111,9,0,1,35,102,0,0,0,0,558,2,21,Matches
580,Jáder Obrian,co COL,"FW,MF",FC Dallas,27,1995,21.0,485,456,27,4,4,1,16,14,1,0,0,0,358,2,21,Matches
581,Chinonso Offor,ng NGA,FW,CF Montréal,22,2000,16.8,338,316,20,0,1,1,6,5,0,0,0,0,207,2,14,Matches
582,Braian Ojeda,py PAR,MF,Real Salt Lake,22,2000,24.0,1236,1209,26,24,3,48,17,1,0,0,0,0,1057,1,12,Matches
583,Martín Ojeda,ar ARG,"FW,MF",Orlando City,24,1998,19.5,757,669,86,21,4,24,91,3,56,14,35,0,555,2,25,Matches
584,Cristian Olivera,uy URU,FW,Los Angeles FC,20,2002,6.7,147,138,8,0,0,2,25,7,1,0,1,0,93,1,4,Matches
585,Tani Oluwaseyi,us USA,FW,Minnesota Utd,22,2000,0.1,1,1,0,0,0,0,0,0,0,0,0,0,0,0,0,Matches
586,Wyatt Omsberg,us USA,DF,Chicago Fire,27,1995,7.9,378,365,12,10,0,5,0,2,0,0,0,0,309,1,1,Matches
587,Kwadwo Opoku,gh GHA,FW,Los Angeles FC,21,2001,13.1,300,294,5,2,3,3,6,2,0,0,0,0,236,1,11,Matches
588,Kwadwo Opoku,gh GHA,FW,CF Montréal,21,2001,10.3,227,204,20,0,0,0,6,4,4,2,0,0,181,3,8,Matches
589,Nathan Ordaz,us USA,FW,Los Angeles FC,19,2004,2.9,76,72,3,0,0,0,3,1,0,0,0,0,56,1,3,Matches
590,Arquimides Ordonez,gt GUA,FW,FC Cincinnati,19,2003,3.1,61,59,2,1,0,0,0,1,0,0,0,0,52,0,3,Matches
591,Prince Osei Owusu,de GER,FW,Toronto FC,26,1997,2.9,50,43,5,0,0,0,1,0,0,0,0,0,31,2,2,Matches
592,Jonathan Osorio,ca CAN,"MF,FW",Toronto FC,30,1992,20.8,1233,1174,53,31,6,1,4,11,3,1,0,0,1084,6,22,Matches
593,Tomáš Ostrák,cz CZE,"MF,FW",St. Louis,22,2000,12.8,376,369,6,0,0,2,9,1,3,0,3,0,291,1,11,Matches
594,Bryan Oviedo,cr CRC,DF,Real Salt Lake,32,1990,19.9,1055,897,154,16,0,2,70,134,4,2,1,0,873,4,21,Matches
595,Devin Padelford,us USA,DF,Minnesota Utd,20,2003,1.7,76,64,11,0,0,0,10,11,0,0,0,0,48,1,1,Matches
596,Maarten Paes,nl NED,GK,FC Dallas,24,1998,29.1,1004,723,278,65,0,2,0,0,0,0,0,0,705,3,0,Matches
597,Nelson Palacio,co COL,MF,Real Salt Lake,21,2001,9.6,430,424,5,5,0,10,1,0,0,0,0,0,390,1,4,Matches
598,Diego Palacios,ec ECU,DF,Los Angeles FC,23,1999,27.0,1709,1480,224,32,6,4,60,192,0,0,0,0,1420,5,31,Matches
599,Sergi Palencia,es ESP,DF,Los Angeles FC,26,1996,14.0,806,661,143,12,0,2,32,131,0,0,0,0,631,2,19,Matches
600,Victor Pálsson,is ISL,"DF,MF",D.C. United,31,1991,17.5,769,692,74,15,2,6,20,58,0,0,0,0,579,3,7,Matches
Rk,Player,Nation,Pos,Squad,Age,Born,90s,Att,Live,Dead,FK,TB,Sw,Crs,TI,CK,In,Out,Str,Cmp,Off,Blocks,Matches
601,Jack Panayotou,us USA,"MF,DF",New England,18,2004,3.6,107,101,5,1,1,0,8,0,4,1,3,0,79,1,5,Matches
602,Elliot Panicco,us USA,GK,Nashville,26,1996,2.0,62,41,21,4,0,0,0,0,0,0,0,0,43,0,0,Matches
603,James Pantemis,ca CAN,GK,CF Montréal,25,1997,1.9,64,40,24,5,0,0,0,0,0,0,0,0,52,0,0,Matches
604,Cristhian Paredes,py PAR,MF,Portland Timbers,24,1998,21.2,670,660,7,5,4,4,9,0,1,0,0,0,501,3,22,Matches
605,Isaiah Parente,us USA,"MF,FW",Columbus Crew,22,2000,0.5,28,24,4,0,0,0,1,2,2,1,0,0,23,0,0,Matches
606,Tim Parker,us USA,DF,St. Louis,29,1993,28.5,1169,1090,79,70,0,7,1,7,0,0,0,0,985,0,3,Matches
607,Keaton Parks,us USA,MF,NYCFC,25,1997,27.9,1442,1418,19,16,7,15,9,2,0,0,0,0,1260,5,21,Matches
608,Ilijah Paul,us USA,"FW,MF",Real Salt Lake,20,2002,1.2,18,18,0,0,0,0,0,0,0,0,0,0,14,0,0,Matches
609,João Paulo Mior,br BRA,MF,Seattle,31,1991,27.3,2106,1952,146,101,4,28,84,6,39,4,31,0,1798,8,21,Matches
610,Adam Pearlman,us USA,DF,Toronto FC,17,2005,0.1,11,11,0,0,0,0,1,0,0,0,0,0,7,0,0,Matches
611,Matías Pellegrini,ar ARG,"FW,MF",NYCFC,22,2000,12.8,447,408,37,16,5,4,38,6,12,9,0,0,339,2,11,Matches
612,Andrés Perea,us USA,MF,Philadelphia,22,2000,1.7,63,62,0,0,1,0,0,0,0,0,0,0,48,1,2,Matches
613,Andrés Perea,us USA,MF,NYCFC,22,2000,8.6,389,382,6,5,0,3,5,1,0,0,0,0,322,1,7,Matches
614,Daniel Pereira,ve VEN,MF,Austin,22,2000,28.1,1561,1495,61,49,5,11,28,11,1,0,0,0,1357,5,19,Matches
615,Gabriel Pereira,br BRA,"FW,MF",NYCFC,21,2001,17.1,481,409,69,25,9,6,68,7,36,28,4,0,333,3,16,Matches
616,Mauricio Pereyra,uy URU,MF,Orlando City,32,1990,23.5,1277,1154,113,47,16,16,68,2,45,35,5,1,986,10,24,Matches
617,Jonathan Perez,mx MEX,"DF,MF",LA Galaxy,20,2003,1.3,92,84,8,3,0,1,12,1,4,2,1,0,78,0,1,Matches
618,Miguel Perez,us USA,MF,St. Louis,17,2005,6.8,254,254,0,0,1,1,2,0,0,0,0,0,181,0,8,Matches
619,Jordan Perruzza,ca CAN,"FW,MF",Toronto FC,22,2001,1.4,28,24,4,0,0,0,0,0,1,0,0,0,20,0,0,Matches
620,Luca Petrasso,ca CAN,"DF,FW",Orlando City,22,2000,4.8,253,218,35,5,0,1,8,30,0,0,0,0,195,0,8,Matches
621,Raoul Petretta,it ITA,DF,Toronto FC,25,1997,19.4,1235,1070,165,29,0,8,29,132,4,2,1,0,1045,0,28,Matches
622,Đorđe Petrović,rs SRB,GK,New England,23,1999,22.0,706,464,239,47,0,1,0,0,0,0,0,0,474,3,1,Matches
623,Fafà Picault,ht HAI,"FW,MF",Nashville,31,1991,18.0,447,433,13,0,3,0,31,9,0,0,0,0,297,1,22,Matches
624,Selmir Pidro,ba BIH,DF,St. Louis,24,1998,0.5,19,17,2,0,1,0,0,2,0,0,0,0,16,0,0,Matches
625,Kayden Pierre,us USA,DF,Sporting KC,19,2003,0.1,6,6,0,0,0,0,0,0,0,0,0,0,6,0,0,Matches
Rk,Player,Nation,Pos,Squad,Age,Born,90s,Att,Live,Dead,FK,TB,Sw,Crs,TI,CK,In,Out,Str,Cmp,Off,Blocks,Matches
626,Samuel Piette,ca CAN,MF,CF Montréal,28,1994,12.1,585,567,17,13,1,5,1,3,0,0,0,0,512,1,7,Matches
627,Mauricio Pineda,us USA,"DF,MF",Chicago Fire,25,1997,17.4,806,759,44,42,0,11,2,1,0,0,0,0,683,3,5,Matches
628,Donovan Pines,us USA,DF,D.C. United,24,1998,20.5,841,818,21,18,1,3,1,3,0,0,0,0,737,2,6,Matches
629,Malik Pinto,us USA,MF,FC Cincinnati,20,2002,4.4,175,171,4,3,3,0,0,1,0,0,0,0,152,0,0,Matches
630,Gabriel Pirani,br BRA,MF,D.C. United,20,2002,9.2,249,239,7,1,0,1,9,3,1,1,0,0,202,3,7,Matches
631,Rodolfo Pizarro,mx MEX,"MF,FW",Inter Miami,28,1994,10.3,474,453,21,9,5,5,19,8,3,0,0,0,384,0,20,Matches
632,Matt Polster,us USA,"MF,DF",New England,29,1993,30.4,1687,1597,86,40,2,18,7,42,0,0,0,0,1472,4,20,Matches
633,Célio Pompeu,br BRA,"FW,MF",St. Louis,23,1999,10.8,312,294,15,3,2,0,42,6,4,1,2,0,200,3,15,Matches
634,Paxton Pomykal,us USA,MF,FC Dallas,23,1999,17.8,832,796,33,17,1,9,24,6,2,1,1,0,704,3,12,Matches
635,Alvas Powell,jm JAM,DF,FC Cincinnati,28,1994,10.6,422,361,59,10,0,6,15,49,0,0,0,0,314,2,7,Matches
636,Jack Price,eng ENG,MF,Colorado Rapids,30,1992,0.4,31,27,4,2,0,0,5,0,2,1,1,0,24,0,1,Matches
637,Ralph Priso-Mbongue,ca CAN,MF,Colorado Rapids,20,2002,11.5,403,396,7,2,2,1,3,4,0,0,0,0,338,0,9,Matches
638,Andrew Privett,us USA,DF,Charlotte,22,2000,11.6,670,646,24,16,0,5,3,1,0,0,0,0,584,0,3,Matches
639,Kacper Przybyłko,pl POL,FW,Chicago Fire,29,1993,10.8,307,283,20,0,1,0,9,2,1,0,0,0,218,4,5,Matches
640,Riqui Puig,es ESP,"MF,FW",LA Galaxy,23,1999,28.1,2265,2134,122,68,20,34,38,18,36,9,9,2,1916,9,49,Matches
641,Teemu Pukki,fi FIN,FW,Minnesota Utd,32,1990,11.5,159,131,26,0,1,0,8,2,0,0,0,0,121,2,10,Matches
642,Alan Pulido,mx MEX,FW,Sporting KC,31,1991,24.5,773,700,68,5,1,6,9,2,1,0,1,0,639,5,23,Matches
643,John Pulskamp,us USA,GK,Sporting KC,21,2001,5.0,122,81,41,11,0,0,0,0,0,0,0,0,92,0,0,Matches
644,Facundo Quignon,ar ARG,MF,FC Dallas,29,1993,21.3,1130,1092,37,33,3,5,4,4,0,0,0,0,945,1,14,Matches
645,Nelson Quiñones,co COL,"FW,MF",Dynamo FC,20,2002,16.4,432,417,13,1,2,5,29,8,4,4,0,0,343,2,7,Matches
646,Philip Quinton,us USA,DF,Columbus Crew,23,1999,10.4,636,591,45,27,0,2,0,13,0,0,0,0,556,0,3,Matches
647,Romell Quioto,hn HON,FW,CF Montréal,31,1991,8.9,234,211,20,2,1,4,29,3,7,3,1,1,165,3,7,Matches
648,Nemanja Radoja,rs SRB,MF,Sporting KC,29,1993,19.0,967,932,34,33,0,22,1,1,0,0,0,0,879,1,14,Matches
649,Aleksandar Radovanović,rs SRB,DF,Austin,29,1993,3.9,240,240,0,0,0,9,1,0,0,0,0,0,194,0,0,Matches
650,Jeremy Rafanello,us USA,MF,Philadelphia,22,2000,0.1,4,4,0,0,0,0,0,0,0,0,0,0,4,0,0,Matches
Rk,Player,Nation,Pos,Squad,Age,Born,90s,Att,Live,Dead,FK,TB,Sw,Crs,TI,CK,In,Out,Str,Cmp,Off,Blocks,Matches
651,Jackson Ragen,us USA,DF,Seattle,24,1998,31.6,1799,1755,41,35,1,17,0,4,0,0,0,0,1625,3,3,Matches
652,Brooklyn Raines,us USA,"MF,FW",Dynamo FC,17,2005,2.2,81,81,0,0,0,0,0,0,0,0,0,0,70,0,3,Matches
653,Christian Ramirez,us USA,"FW,MF",Columbus Crew,31,1991,17.9,355,322,32,1,4,1,7,3,0,0,0,0,259,1,15,Matches
654,Greg Ranjitsingh,tt TRI,GK,Toronto FC,29,1993,4.0,152,108,44,10,0,0,0,0,0,0,0,0,101,0,0,Matches
655,Ryan Raposo,ca CAN,"DF,FW",Vancouver,23,1999,14.8,695,564,129,24,2,2,86,78,27,20,1,0,501,2,15,Matches
656,Justin Rasmussen,us USA,DF,Portland Timbers,24,1998,3.7,169,128,41,7,0,1,8,33,1,1,0,0,111,0,7,Matches
657,Sean Rea,ca CAN,"MF,FW",CF Montréal,20,2002,8.3,256,241,15,0,0,0,26,0,10,1,6,0,187,0,11,Matches
658,Matthew Real,us USA,"DF,MF",Philadelphia,23,1999,5.5,233,196,36,3,0,3,10,33,0,0,0,0,173,1,8,Matches
659,Rodney Redes,py PAR,"MF,FW",Austin,22,2000,5.4,145,131,11,2,0,0,25,0,9,3,3,0,97,3,8,Matches
660,Jayden Reid,us USA,MF,NY Red Bulls,21,2001,0.0,0,0,0,0,0,0,0,0,0,0,0,0,0,0,0,Matches
661,Justin Rennicks,us USA,"FW,MF",New England,23,1999,4.3,96,93,3,0,0,0,5,1,0,0,0,0,71,0,1,Matches
662,Andrés Reyes,co COL,DF,NY Red Bulls,23,1999,26.5,1160,1100,56,33,0,7,4,23,0,0,0,0,850,4,12,Matches
663,Emanuel Reynoso,ar ARG,MF,Minnesota Utd,27,1995,15.2,873,717,149,40,16,7,155,11,94,43,33,1,617,7,29,Matches
664,Spencer Richey,us USA,GK,Chicago Fire,30,1992,4.7,117,69,46,8,0,0,0,0,0,0,0,0,91,2,0,Matches
665,Emiliano Rigoni,ar ARG,"FW,MF",Austin,29,1993,24.3,741,587,148,37,3,12,176,9,93,59,19,2,480,6,26,Matches
666,Chris Rindov,us USA,DF,Sporting KC,21,2001,0.1,9,9,0,0,0,0,0,0,0,0,0,0,6,0,0,Matches
667,Alexander Ring,fi FIN,"DF,MF",Austin,31,1991,23.9,1463,1377,81,72,3,39,27,2,5,1,2,0,1216,5,16,Matches
668,Birk Risa,no NOR,DF,NYCFC,24,1998,9.6,519,498,19,16,0,13,1,3,0,0,0,0,442,2,2,Matches
669,Damien Rivera,cr CRC,"FW,MF",New England,20,2002,2.0,69,67,1,0,0,0,7,0,1,0,1,0,45,1,2,Matches
670,Nigel Robertha,nl NED,"FW,MF",D.C. United,24,1998,3.4,65,64,1,0,0,0,7,0,0,0,0,0,44,0,6,Matches
671,Miles Robinson,us USA,DF,Atlanta Utd,25,1997,26.3,1549,1506,39,31,2,27,0,7,0,0,0,0,1330,4,4,Matches
672,Robbie Robinson,us USA,"FW,MF",Inter Miami,24,1998,3.8,169,163,5,1,1,0,4,4,0,0,0,0,137,1,6,Matches
673,Rodrigues,br BRA,DF,San Jose,25,1997,33.3,1737,1686,49,36,2,27,3,12,0,0,0,0,1473,2,20,Matches
674,Abraham Rodriguez,us USA,GK,Colorado Rapids,20,2002,1.0,28,21,7,3,0,0,0,0,0,0,0,0,24,0,0,Matches
675,Memo Rodriguez,us USA,"FW,MF",Austin,27,1995,2.7,60,48,11,2,0,0,13,1,8,5,3,0,37,1,2,Matches
Rk,Player,Nation,Pos,Squad,Age,Born,90s,Att,Live,Dead,FK,TB,Sw,Crs,TI,CK,In,Out,Str,Cmp,Off,Blocks,Matches
676,Memo Rodriguez,us USA,"MF,FW",LA Galaxy,27,1995,7.4,296,258,34,4,1,4,38,2,28,8,20,0,222,4,10,Matches
677,Missael Rodriguez,us USA,FW,Chicago Fire,19,2003,0.2,5,5,0,0,0,0,0,0,0,0,0,0,4,0,0,Matches
678,Santiago Rodríguez,uy URU,"MF,FW",NYCFC,23,2000,28.7,1262,1084,166,64,8,13,114,14,62,38,13,1,986,12,35,Matches
679,Alex Roldan,sv SLV,DF,Seattle,26,1996,26.9,1782,1532,243,8,1,6,88,235,0,0,0,0,1439,7,47,Matches
680,Cristian Roldan,us USA,"FW,DF",Seattle,27,1995,13.9,592,565,26,1,1,1,37,25,0,0,0,0,447,1,16,Matches
681,Tomas Romero,sv SLV,GK,Toronto FC,22,2000,6.0,187,118,69,13,0,0,0,0,0,0,0,0,145,0,1,Matches
682,David Romney,us USA,DF,New England,29,1993,34.0,1862,1810,46,33,0,14,5,12,0,0,0,0,1574,6,8,Matches
683,Connor Ronan,ie IRL,MF,Colorado Rapids,24,1998,31.6,2003,1746,252,113,7,38,193,16,121,41,79,0,1632,5,21,Matches
684,Eloy Room,cw CUW,GK,Columbus Crew,33,1989,3.0,94,69,25,4,0,0,0,0,0,0,0,0,69,0,0,Matches
685,Joseph Rosales,hn HON,"FW,MF",Minnesota Utd,22,2000,12.1,484,432,51,5,1,1,55,34,12,8,4,0,348,1,24,Matches
686,Oriol Rosell,es ESP,MF,LA Galaxy,30,1992,9.4,624,612,12,11,0,0,3,1,0,0,0,0,579,0,5,Matches
687,Keegan Rosenberry,us USA,DF,Colorado Rapids,29,1993,25.2,1372,1137,234,19,0,41,45,215,0,0,0,0,1083,1,35,Matches
688,Daniel Rosero,co COL,DF,Sporting KC,29,1993,25.1,1380,1347,33,33,0,23,0,0,0,0,0,0,1246,0,7,Matches
689,Matheus Rossetto,br BRA,MF,Atlanta Utd,26,1996,20.3,1293,1267,25,17,1,8,3,5,0,0,0,0,1181,1,14,Matches
690,Diego Rossi,uy URU,"MF,FW",Columbus Crew,24,1998,8.6,330,302,28,3,3,2,26,0,22,7,8,0,257,0,6,Matches
691,Sigurd Rosted,no NOR,DF,Toronto FC,28,1994,18.3,849,825,22,17,0,2,0,4,0,0,0,0,712,2,4,Matches
692,Paul Rothrock,us USA,FW,Seattle,24,1999,0.5,24,23,1,1,0,0,2,0,0,0,0,0,19,0,1,Matches
693,Kelyn Rowe,us USA,DF,Seattle,31,1991,3.8,252,218,33,6,0,6,5,27,0,0,0,0,209,1,1,Matches
694,Ruan,br BRA,"DF,MF",D.C. United,27,1995,15.8,586,461,125,1,1,2,46,124,0,0,0,0,444,0,23,Matches
695,Rubio Rubin,gt GUA,"FW,MF",Real Salt Lake,26,1996,14.4,312,289,21,0,2,3,9,0,0,0,0,0,236,2,15,Matches
696,Diego Rubio,cl CHI,"MF,FW",Colorado Rapids,29,1993,11.9,358,347,9,2,5,12,20,1,0,0,0,0,237,2,15,Matches
697,Raúl Ruidíaz,pe PER,FW,Seattle,32,1990,11.7,264,237,27,2,2,1,6,2,0,0,0,0,213,0,7,Matches
698,David Ruiz,hn HON,MF,Inter Miami,18,2004,13.2,587,563,21,13,1,6,4,7,0,0,0,0,512,3,6,Matches
699,Pablo Ruíz,ar ARG,MF,Real Salt Lake,24,1998,15.3,919,825,85,41,12,16,66,1,43,38,2,0,746,9,14,Matches
700,Albert Rusnák,sk SVK,"MF,FW",Seattle,28,1994,29.1,1541,1447,90,31,7,31,47,8,48,27,4,0,1332,4,22,Matches
Rk,Player,Nation,Pos,Squad,Age,Born,90s,Att,Live,Dead,FK,TB,Sw,Crs,TI,CK,In,Out,Str,Cmp,Off,Blocks,Matches
701,Johnny Russell,sct SCO,FW,Sporting KC,32,1990,18.7,686,594,87,30,4,13,88,9,48,41,1,0,475,5,19,Matches
702,Jacen Russell-Rowe,ca CAN,"FW,MF",Columbus Crew,20,2002,6.0,168,164,2,0,1,1,2,0,0,0,0,0,122,2,6,Matches
703,Ryan Sailor,us USA,"DF,FW",Inter Miami,24,1998,3.4,100,96,4,4,0,0,0,0,0,0,0,0,82,0,0,Matches
704,Nathan-Dylan Saliba,ca CAN,MF,CF Montréal,18,2004,19.7,768,747,18,10,3,9,13,4,0,0,0,0,598,3,23,Matches
705,Abdi Salim,so SOM,DF,Orlando City,21,2001,1.6,48,41,7,1,0,0,1,6,0,0,0,0,41,0,0,Matches
706,Dániel Sallói,hu HUN,FW,Sporting KC,26,1996,31.9,1119,1018,98,14,3,15,140,7,76,48,2,3,831,3,30,Matches
707,Gaoussou Samaké,ci CIV,"MF,DF",D.C. United,25,1997,4.0,169,144,25,0,0,0,14,25,0,0,0,0,126,0,6,Matches
708,Ilie Sánchez,es ESP,MF,Los Angeles FC,32,1990,28.8,1615,1553,57,55,8,7,3,2,0,0,0,0,1392,5,16,Matches
709,James Sands,us USA,"MF,DF",NYCFC,22,2000,24.1,1416,1366,47,42,0,13,1,5,0,0,0,0,1258,3,19,Matches
710,William Sands,us USA,"DF,MF",Columbus Crew,22,2000,5.4,243,207,36,0,0,1,12,36,0,0,0,0,193,0,5,Matches
711,Jeong Sangbin,kr KOR,"FW,MF",Minnesota Utd,20,2002,10.7,273,226,44,4,2,2,44,5,25,11,12,1,171,3,8,Matches
712,Sergio Santos Gomes,br BRA,"FW,MF",FC Cincinnati,28,1994,10.0,237,225,11,2,0,2,8,1,0,0,0,0,165,1,9,Matches
713,Nuno Santos,pt POR,MF,Charlotte,23,1999,2.4,126,114,12,3,1,1,14,0,7,4,2,0,93,0,2,Matches
714,Pedro Santos,pt POR,"DF,MF",D.C. United,34,1988,16.7,778,640,133,24,0,4,83,87,22,14,2,1,530,5,18,Matches
715,Rafael Santos,br BRA,DF,Orlando City,24,1998,22.1,1264,1057,204,22,1,12,87,181,1,1,0,0,961,3,33,Matches
716,C.J. Sapong,us USA,FW,Toronto FC,34,1988,14.1,241,221,19,1,1,0,3,0,0,0,0,0,161,1,1,Matches
717,C.J. Sapong,us USA,FW,Nashville,34,1988,4.2,102,100,1,0,0,0,4,1,0,0,0,0,69,1,4,Matches
718,Hayden Sargis,us USA,DF,D.C. United,20,2002,0.2,6,6,0,0,0,0,0,0,0,0,0,0,4,0,0,Matches
719,Jefferson Savarino,ve VEN,"MF,FW",Real Salt Lake,26,1996,21.6,860,751,103,28,6,13,142,5,67,34,22,0,616,6,28,Matches
720,Rodrigo Schlegel,ar ARG,DF,Orlando City,25,1997,21.9,974,901,72,42,0,6,1,30,0,0,0,0,822,1,11,Matches
721,Tate Schmitt,us USA,DF,Dynamo FC,25,1997,4.4,258,222,34,3,0,9,16,31,0,0,0,0,204,2,6,Matches
722,Alessandro Schöpf,at AUT,MF,Vancouver,28,1994,19.7,762,749,10,4,2,2,12,1,0,0,0,0,662,3,18,Matches
723,Patrick Schulte,us USA,GK,Columbus Crew,21,2001,31.0,1134,902,226,47,0,3,0,2,0,0,0,0,898,6,0,Matches
724,Dante Sealy,us USA,"MF,DF",FC Dallas,19,2003,3.2,118,106,11,3,0,0,8,8,0,0,0,0,85,1,2,Matches
725,Gabe Segal,us USA,FW,NYCFC,21,2001,4.6,125,115,9,0,1,1,1,0,0,0,0,0,91,1,4,Matches
Rk,Player,Nation,Pos,Squad,Age,Born,90s,Att,Live,Dead,FK,TB,Sw,Crs,TI,CK,In,Out,Str,Cmp,Off,Blocks,Matches
726,Amar Sejdic,us USA,MF,Atlanta Utd,26,1996,11.8,500,478,19,15,0,6,3,0,0,0,0,0,428,3,9,Matches
727,Brandon Servania,us USA,"MF,FW",Toronto FC,23,1999,18.9,815,761,51,19,1,3,29,21,10,9,1,0,677,3,14,Matches
728,Jacob Shaffelburg,ca CAN,"FW,MF",Nashville,23,1999,14.6,343,334,5,2,0,1,62,3,0,0,0,0,192,4,28,Matches
729,Xherdan Shaqiri,ch SUI,MF,Chicago Fire,31,1991,22.8,1086,958,115,44,22,12,127,6,58,43,4,1,773,13,30,Matches
730,Billy Sharp,eng ENG,FW,LA Galaxy,36,1986,7.9,103,90,12,0,0,1,7,0,0,0,0,0,76,1,7,Matches
731,Khiry Shelton,us USA,"FW,MF",Sporting KC,29,1993,9.4,306,294,12,1,0,3,16,11,0,0,0,0,237,0,20,Matches
732,Andre Shinyashiki,br BRA,"MF,FW",Charlotte,27,1995,2.1,80,73,7,4,1,1,9,0,0,0,0,0,57,0,4,Matches
733,Marcelo Silva,uy URU,DF,Real Salt Lake,33,1989,16.0,745,724,20,12,0,2,1,6,1,0,1,0,671,1,3,Matches
734,Xande Silva,pt POR,FW,Atlanta Utd,25,1997,7.1,257,254,2,0,2,2,8,2,0,0,0,0,206,1,8,Matches
735,Jonathan Sirois,ca CAN,GK,CF Montréal,21,2001,32.1,1119,795,319,73,0,1,0,0,0,0,0,0,807,5,2,Matches
736,Pablo Sisniega,mx MEX,GK,Charlotte,27,1995,3.0,69,51,18,5,0,0,0,0,0,0,0,0,47,0,0,Matches
737,Jack Skahan,us USA,"FW,MF",San Jose,24,1998,4.0,109,109,0,0,1,0,4,0,0,0,0,0,89,0,5,Matches
738,Brad Smith,au AUS,"DF,FW",Dynamo FC,28,1994,5.3,223,184,38,1,0,1,30,32,5,5,0,0,158,1,13,Matches
739,Collin Smith,us USA,"DF,MF",FC Dallas,19,2003,1.2,27,24,3,0,0,0,1,3,0,0,0,0,20,0,1,Matches
740,Kyle Smith,us USA,DF,Orlando City,31,1992,16.6,911,793,116,13,2,11,30,103,0,0,0,0,709,2,35,Matches
741,Jan Sobociński,pl POL,DF,Charlotte,23,1999,7.2,422,398,23,15,0,13,1,1,0,0,0,0,353,1,1,Matches
742,Santiago Sosa,ar ARG,MF,Atlanta Utd,23,1999,10.2,591,572,19,19,0,11,3,0,0,0,0,0,503,0,8,Matches
743,Arnaud Souquet,fr FRA,DF,Chicago Fire,30,1992,20.3,957,782,172,21,3,3,54,151,0,0,0,0,735,3,32,Matches
744,Ryan Spaulding,us USA,DF,New England,24,1998,6.9,373,316,56,6,0,4,12,50,0,0,0,0,306,1,17,Matches
745,Dayne St. Clair,ca CAN,GK,Minnesota Utd,25,1997,30.0,929,601,325,48,0,0,0,0,0,0,0,0,706,3,0,Matches
746,Mason Stajduhar,us USA,GK,Orlando City,25,1997,4.0,114,65,49,12,0,0,0,0,0,0,0,0,78,0,0,Matches
747,Nicolás Stefanelli,ar ARG,"FW,MF",Inter Miami,28,1994,14.8,566,544,20,2,7,4,26,2,9,3,2,0,418,2,30,Matches
748,Lazar Stefanovic,ca CAN,DF,Toronto FC,16,2006,0.9,29,26,3,3,0,0,0,0,0,0,0,0,26,0,0,Matches
749,Daniel Steres,us USA,DF,Dynamo FC,32,1990,20.7,978,813,163,22,4,8,14,141,0,0,0,0,820,2,8,Matches
750,Benjamin Stitz,us USA,FW,FC Cincinnati,22,2000,0.2,4,4,0,0,0,0,0,0,0,0,0,0,4,0,0,Matches
Rk,Player,Nation,Pos,Squad,Age,Born,90s,Att,Live,Dead,FK,TB,Sw,Crs,TI,CK,In,Out,Str,Cmp,Off,Blocks,Matches
751,Jared Stroud,us USA,"MF,FW",St. Louis,26,1996,21.9,671,634,32,1,2,1,74,28,3,1,1,0,440,5,40,Matches
752,Peter Stroud,us USA,MF,NY Red Bulls,20,2002,11.3,490,479,10,10,0,2,8,0,0,0,0,0,391,1,11,Matches
753,Brad Stuver,us USA,GK,Austin,31,1991,34.0,1401,988,407,109,0,4,0,0,0,0,0,0,1048,6,2,Matches
754,Yekeson Subah,lr LBR,FW,Los Angeles FC,18,2004,0.2,1,1,0,0,0,0,0,0,0,0,0,0,1,0,0,Matches
755,Quinn Sullivan,us USA,"FW,MF",Philadelphia,18,2004,7.7,221,211,10,1,0,1,14,5,0,0,0,0,177,0,4,Matches
756,Lawson Sunderland,us USA,"MF,FW",Inter Miami,21,2001,0.7,32,32,0,0,0,0,0,0,0,0,0,0,25,0,1,Matches
757,Sam Surridge,eng ENG,FW,Nashville,24,1998,5.5,112,108,4,0,0,2,6,2,0,0,0,0,74,0,1,Matches
758,Erik Sviatchenko,dk DEN,DF,Dynamo FC,31,1991,15.0,693,672,17,8,1,20,5,2,0,0,0,0,559,4,2,Matches
759,Ben Sweat,us USA,DF,New England,31,1991,3.7,188,155,32,4,0,3,8,28,0,0,0,0,138,1,3,Matches
760,Ben Sweat,us USA,DF,Sporting KC,31,1991,3.5,231,194,36,5,2,2,13,31,0,0,0,0,179,1,9,Matches
761,Karol Świderski,pl POL,"FW,MF",Charlotte,26,1997,26.8,763,686,70,16,9,11,57,5,13,12,0,0,522,7,21,Matches
762,Nkosi Tafari,us USA,DF,FC Dallas,25,1997,27.7,1579,1488,89,52,4,19,3,1,0,0,0,0,1322,2,7,Matches
763,Ismael Tajouri-Shradi,ly LBY,FW,Minnesota Utd,28,1994,3.9,159,149,9,2,3,2,6,3,2,2,0,0,138,1,3,Matches
764,Yohei Takaoka,jp JPN,GK,Vancouver,26,1996,33.0,984,675,306,72,0,2,0,0,0,0,0,0,702,3,0,Matches
765,Miguel Tapias,mx MEX,DF,Minnesota Utd,26,1997,31.8,1469,1423,43,37,0,32,1,6,0,0,0,0,1245,3,9,Matches
766,Andrew Tarbell,us USA,GK,Dynamo FC,29,1993,1.0,24,19,5,0,0,0,0,0,0,0,0,0,24,0,0,Matches
767,Sidnei Tavares,pt POR,MF,Colorado Rapids,21,2001,3.3,104,102,2,0,0,1,1,2,0,0,0,0,84,0,1,Matches
768,D.J. Taylor,us USA,DF,Minnesota Utd,25,1997,27.9,1441,1173,256,8,1,2,102,248,0,0,0,0,1027,12,36,Matches
769,Robert Taylor,fi FIN,"FW,DF",Inter Miami,28,1994,16.2,791,697,90,13,4,4,68,38,37,12,20,0,615,4,28,Matches
770,Russell Teibert,ca CAN,MF,Vancouver,30,1992,1.7,73,72,1,0,0,0,1,1,0,0,0,0,61,0,2,Matches
771,Carlos Terán,co COL,DF,Chicago Fire,22,2000,17.5,928,836,89,29,0,15,6,60,0,0,0,0,729,3,10,Matches
772,Dylan Teves,us USA,FW,Seattle,22,2000,4.3,166,164,2,0,0,0,16,2,0,0,0,0,124,0,9,Matches
773,Thiago,br BRA,"FW,MF",NYCFC,22,2000,1.5,40,39,1,0,0,0,0,0,0,0,0,0,35,0,1,Matches
774,Jamal Thiaré,sn SEN,FW,Atlanta Utd,29,1993,0.6,9,9,0,0,0,0,0,0,0,0,0,0,1,0,1,Matches
775,Erik Thommy,de GER,"MF,FW",Sporting KC,28,1994,28.7,1365,1251,108,50,5,33,125,10,48,11,25,1,1117,6,46,Matches
Rk,Player,Nation,Pos,Squad,Age,Born,90s,Att,Live,Dead,FK,TB,Sw,Crs,TI,CK,In,Out,Str,Cmp,Off,Blocks,Matches
776,Kosi Thompson,ca CAN,"MF,FW",Toronto FC,20,2003,6.5,237,232,5,1,0,0,4,3,0,0,0,0,200,0,3,Matches
777,Tommy Thompson,us USA,"MF,DF",San Jose,27,1995,3.9,175,159,16,1,0,0,2,15,0,0,0,0,152,0,5,Matches
778,Timothy Tillman,de GER,MF,Los Angeles FC,24,1999,18.3,817,787,28,13,3,4,20,2,11,11,0,0,703,2,22,Matches
779,John Tolkin,us USA,DF,NY Red Bulls,20,2002,26.4,1508,1141,362,73,1,9,159,209,80,65,10,0,1056,5,42,Matches
780,Nouhou Tolo,cm CMR,DF,Seattle,25,1997,22.8,1307,1133,173,25,0,17,30,148,0,0,0,0,1098,1,23,Matches
781,Facundo Torres,uy URU,"FW,MF",Orlando City,22,2000,26.3,1041,971,64,15,3,9,91,2,46,28,10,0,831,6,29,Matches
782,Jairo Torres,mx MEX,"MF,FW",Chicago Fire,22,2000,8.5,324,300,21,8,0,3,23,5,8,5,2,0,255,3,8,Matches
783,Joaquín Torres,ar ARG,"MF,FW",Philadelphia,26,1997,3.9,131,125,4,0,2,2,13,2,0,0,0,0,84,2,5,Matches
784,Mason Toye,us USA,FW,CF Montréal,24,1998,7.5,154,141,13,0,0,4,10,0,0,0,0,0,101,0,5,Matches
785,Wil Trapp,us USA,MF,Minnesota Utd,30,1993,26.9,1389,1339,44,33,9,23,13,8,3,0,3,0,1175,6,12,Matches
786,Miguel Trauco,pe PER,DF,San Jose,30,1992,22.3,1343,1096,236,58,5,42,44,178,0,0,0,0,1048,11,24,Matches
787,Niko Tsakiris,us USA,MF,San Jose,17,2005,6.8,380,373,6,3,2,2,5,3,0,0,0,0,316,1,9,Matches
788,Bill Tuiloma,nz NZL,DF,Charlotte,27,1995,15.0,828,758,69,30,0,13,1,28,0,0,0,0,694,1,5,Matches
789,Stephen Turnbull,us USA,"DF,MF",NYCFC,24,1998,5.4,247,193,52,2,1,0,14,50,0,0,0,0,183,2,8,Matches
790,Ema Twumasi,gh GHA,DF,FC Dallas,25,1997,17.5,898,760,136,9,1,1,38,127,0,0,0,0,756,2,19,Matches
791,Marinos Tzionis,cy CYP,"FW,MF",Sporting KC,21,2001,8.1,272,264,7,1,0,2,13,3,3,1,1,0,217,1,6,Matches
792,Mikael Uhre,dk DEN,FW,Philadelphia,28,1994,23.8,409,392,13,0,0,3,37,7,0,0,0,0,249,4,28,Matches
793,Þorleifur Úlfarsson,is ISL,"FW,MF",Dynamo FC,22,2000,5.3,94,88,6,0,0,1,9,1,0,0,0,0,61,0,3,Matches
794,Victor Ulloa,us USA,MF,Inter Miami,30,1992,1.8,84,83,1,1,0,0,0,0,0,0,0,0,75,0,0,Matches
795,Jere Uronen,fi FIN,DF,Charlotte,28,1994,6.8,348,274,73,10,0,1,18,50,13,12,1,0,286,1,4,Matches
796,Maximiliano Urruti,ar ARG,FW,Austin,31,1991,10.8,130,115,14,0,1,2,2,1,0,0,0,0,95,1,5,Matches
797,Júnior Urso,br BRA,"MF,FW",Orlando City,33,1989,2.8,116,114,1,1,0,1,0,0,0,0,0,0,90,1,7,Matches
798,Leo Väisänen,fi FIN,DF,Austin,25,1997,19.6,1152,1125,27,17,1,6,3,10,0,0,0,0,1011,0,4,Matches
799,Jhojan Valencia,co COL,MF,Austin,26,1996,15.9,743,717,24,20,0,11,3,3,0,0,0,0,648,2,11,Matches
800,Zarek Valentin,pr PUR,DF,Minnesota Utd,31,1991,14.7,672,532,137,13,1,2,21,124,0,0,0,0,481,3,17,Matches
Rk,Player,Nation,Pos,Squad,Age,Born,90s,Att,Live,Dead,FK,TB,Sw,Crs,TI,CK,In,Out,Str,Cmp,Off,Blocks,Matches
801,Gerardo Valenzuela,us USA,MF,FC Cincinnati,18,2004,0.1,5,5,0,0,0,0,0,0,0,0,0,0,4,0,0,Matches
802,Gustavo Vallecilla,ec ECU,DF,Columbus Crew,23,1999,9.4,615,588,26,19,1,8,3,6,0,0,0,0,507,1,6,Matches
803,Dante Vanzeir,be BEL,"FW,MF",NY Red Bulls,24,1998,8.3,174,165,9,0,2,0,21,1,1,0,0,0,102,0,12,Matches
804,Kerwin Vargas,co COL,"FW,MF",Charlotte,21,2002,16.5,716,668,47,17,3,4,117,8,22,7,13,0,528,1,16,Matches
805,Marlon Vargas,sv SLV,MF,Colorado Rapids,22,2001,0.1,9,8,1,0,0,0,0,1,0,0,0,0,6,0,2,Matches
806,Obed Vargas,us USA,MF,Seattle,17,2005,14.7,708,687,19,15,0,4,5,4,0,0,0,0,617,2,12,Matches
807,Indiana Vassilev,us USA,MF,St. Louis,21,2001,23.5,786,695,89,30,1,4,89,2,55,23,24,0,570,2,20,Matches
808,Brandon Vazquez,us USA,FW,FC Cincinnati,24,1998,26.4,613,602,9,0,0,15,7,1,0,0,0,0,426,2,28,Matches
809,Víctor Vázquez,es ESP,"MF,FW",Toronto FC,36,1987,2.7,212,190,19,8,2,1,4,4,6,2,0,0,186,3,0,Matches
810,Carlos Vela,mx MEX,FW,Los Angeles FC,33,1989,23.0,939,761,173,53,13,9,123,17,71,49,15,1,677,5,31,Matches
811,Alan Velasco,ar ARG,"FW,MF",FC Dallas,20,2002,25.1,925,829,93,35,4,14,90,8,46,26,5,1,703,3,29,Matches
812,Brayan Vera,co COL,DF,Real Salt Lake,24,1999,22.7,1160,1084,72,44,1,40,24,26,0,0,0,0,921,4,12,Matches
813,Ranko Veselinović,rs SRB,DF,Vancouver,23,1999,31.4,1714,1670,36,32,0,8,5,1,0,0,0,0,1506,8,7,Matches
814,Jules-Anthony Vilsaint,ca CAN,FW,CF Montréal,20,2003,4.6,67,66,0,0,1,1,4,0,0,0,0,0,43,1,4,Matches
815,Pedro Vite,ec ECU,"MF,FW",Vancouver,20,2002,23.9,1145,1106,29,9,6,8,42,4,6,4,1,0,944,10,26,Matches
816,Gino Vivi,cr CRC,"MF,DF",LA Galaxy,22,2000,0.9,40,38,2,0,0,0,3,0,2,1,0,0,35,0,1,Matches
817,Robert Voloder,ba BIH,DF,Sporting KC,21,2001,11.4,681,629,52,9,0,6,7,43,0,0,0,0,561,0,6,Matches
818,Giacomo Vrioni,al ALB,FW,New England,24,1998,14.6,206,173,33,2,0,1,1,0,0,0,0,0,147,0,7,Matches
819,Kai Wagner,de GER,DF,Philadelphia,25,1997,27.1,1677,1232,435,97,5,28,263,207,131,71,52,0,1159,10,24,Matches
820,Rémi Walter,fr FRA,MF,Sporting KC,27,1995,30.4,1443,1394,48,35,0,24,23,12,1,1,0,0,1306,1,18,Matches
821,Victor Wanyama,ke KEN,MF,CF Montréal,31,1991,19.9,850,812,35,34,1,5,0,1,0,0,0,0,699,3,10,Matches
822,Taylor Washington,us USA,"DF,MF",Nashville,29,1993,5.4,260,220,39,5,0,0,14,34,0,0,0,0,207,1,3,Matches
823,Joel Waterman,ca CAN,DF,CF Montréal,27,1996,26.4,1716,1590,120,67,2,23,12,53,0,0,0,0,1473,6,17,Matches
824,Akil Watts,us USA,"DF,MF",St. Louis,22,2000,9.8,403,319,83,8,0,1,29,75,0,0,0,0,293,1,9,Matches
825,Quentin Westberg,us USA,GK,Atlanta Utd,36,1986,5.5,202,168,34,9,0,0,0,0,0,0,0,0,178,0,0,Matches
Rk,Player,Nation,Pos,Squad,Age,Born,90s,Att,Live,Dead,FK,TB,Sw,Crs,TI,CK,In,Out,Str,Cmp,Off,Blocks,Matches
826,Ashley Westwood,eng ENG,MF,Charlotte,32,1990,28.1,1660,1507,147,58,11,8,106,10,73,21,37,6,1333,6,16,Matches
827,Brian White,us USA,FW,Vancouver,26,1996,28.2,571,538,30,0,3,1,2,2,0,0,0,0,399,3,27,Matches
828,Caleb Wiley,us USA,"DF,FW",Atlanta Utd,18,2004,25.9,1219,1071,145,12,0,9,40,133,0,0,0,0,982,3,44,Matches
829,Derrick Williams,ie IRL,DF,D.C. United,30,1993,20.5,1077,1029,46,30,0,6,4,12,0,0,0,0,910,2,6,Matches
830,Eryk Williamson,us USA,MF,Portland Timbers,25,1997,5.9,230,187,39,21,1,2,18,3,9,1,7,0,167,4,12,Matches
831,Joe Willis,us USA,GK,Nashville,34,1988,32.0,966,638,322,65,0,1,0,0,0,0,0,0,634,6,1,Matches
832,Danny Wilson,sct SCO,DF,Colorado Rapids,31,1991,25.7,1276,1217,49,39,1,23,1,5,0,0,0,0,1011,10,7,Matches
833,Owen Wolff,us USA,MF,Austin,18,2004,20.9,717,690,24,10,0,5,15,13,0,0,0,0,588,3,23,Matches
834,Tyler Wolff,us USA,"FW,MF",Atlanta Utd,19,2003,7.2,200,197,3,1,0,3,5,2,0,0,0,0,176,0,3,Matches
835,Bobby Wood,us USA,FW,New England,30,1992,16.5,287,273,13,0,1,1,2,0,0,0,0,0,203,1,11,Matches
836,Karifa Yao,ca CAN,MF,Vancouver,22,2000,0.0,0,0,0,0,0,0,0,0,0,0,0,0,0,0,0,Matches
837,Darren Yapi,us USA,"FW,MF",Colorado Rapids,18,2004,9.9,175,159,16,3,1,0,7,5,0,0,0,0,112,0,6,Matches
838,William Yarbrough,us USA,GK,Colorado Rapids,33,1989,20.0,656,434,219,38,0,1,0,0,0,0,0,0,484,3,1,Matches
839,Joshua Yaro,gh GHA,DF,St. Louis,28,1994,10.1,419,405,14,12,0,0,0,2,0,0,0,0,345,0,6,Matches
840,Dru Yearwood,eng ENG,MF,NY Red Bulls,22,2000,9.2,307,294,12,8,1,3,17,0,0,0,0,0,196,1,12,Matches
841,Yaw Yeboah,gh GHA,"DF,MF",Columbus Crew,25,1997,22.0,1054,948,104,5,3,4,63,97,2,0,1,0,855,2,31,Matches
842,DeAndre Yedlin,us USA,DF,Inter Miami,29,1993,25.8,1382,1148,230,22,2,7,38,208,0,0,0,0,1124,4,31,Matches
843,Maya Yoshida,jp JPN,DF,LA Galaxy,34,1988,12.0,739,723,14,10,0,1,0,1,0,0,0,0,671,2,1,Matches
844,Jackson Yueill,us USA,MF,San Jose,25,1997,30.2,1848,1796,49,42,5,16,12,7,0,0,0,0,1620,3,27,Matches
845,Gyasi Zardes,us USA,FW,Austin,31,1991,16.3,258,245,13,0,0,0,3,2,0,0,0,0,185,0,4,Matches
846,Eriq Zavaleta,sv SLV,DF,LA Galaxy,30,1992,5.4,286,275,11,6,0,0,0,4,0,0,0,0,256,0,2,Matches
847,Sean Zawadzki,us USA,"DF,MF",Columbus Crew,22,2000,17.5,1034,997,34,23,1,3,1,9,0,0,0,0,925,3,6,Matches
848,Lucas Zelarayán,am ARM,"MF,FW",Columbus Crew,30,1992,18.9,1008,893,108,38,13,20,125,2,66,17,34,1,752,7,37,Matches
849,Walker Zimmerman,us USA,DF,Nashville,29,1993,20.5,1065,1019,44,41,0,7,3,3,0,0,0,0,899,2,3,Matches
850,Rida Zouhir,ca CAN,"MF,FW",CF Montréal,19,2003,2.5,97,92,4,2,0,1,4,0,2,0,1,0,77,1,2,Matches
Rk,Player,Nation,Pos,Squad,Age,Born,90s,Att,Live,Dead,FK,TB,Sw,Crs,TI,CK,In,Out,Str,Cmp,Off,Blocks,Matches
851,Ethan Zubak,us USA,FW,Nashville,24,1998,1.6,56,55,1,0,0,0,2,1,0,0,0,0,36,0,0,Matches
852,Dario Župarić,ba BIH,DF,Portland Timbers,30,1992,31.0,1228,1149,78,48,0,15,1,26,0,0,0,0,983,1,6,Matches
853,Graham Zusi,us USA,DF,Sporting KC,36,1986,9.6,667,549,116,20,3,8,46,96,0,0,0,0,492,2,10,Matches
854,Nökkvi Þórisson,is ISL,"FW,MF",St. Louis,23,1999,3.0,76,71,5,1,0,0,5,3,0,0,0,0,57,0,3,Matches
855,Róbert Þorkelsson,is ISL,DF,CF Montréal,20,2002,2.5,131,109,22,4,0,2,3,18,0,0,0,0,110,0,0,Matches
